CNPJ,RAZAO_SOCIAL,ESFERA,UF,MUNICIPIO,UNIDADE,QTD_CONTRATACOES
00082024000137,COMPANHIA DE SANEAMENTO AMBIENTAL DO DISTRITO FEDERAL,N,Distrito Federal,Brasília,COMPANHIA DE SANEAMENTO AMBIENTAL DO DF CAESB,1
00348003000110,EMPRESA BRASILEIRA DE PESQUISA AGROPECUARIA,F,Alagoas,Maceió,EMBRAPA ALIMENTOS E TERRITORIOS/MACEIO/AL,7
00394429000100,COMANDO DA AERONAUTICA,F,Rio de Janeiro,Rio de Janeiro,GRUPAMENTO DE APOIO DOS AFONSOS,6
00394452000103,COMANDO DO EXERCITO,F,Espírito Santo,Vila Velha,38  BATALHAO DE INFANTARIA/MEX/ES,13
00394460000141,MINISTERIO DA FAZENDA,F,São Paulo,São Paulo,SUP.REGIONAL RECEITA FEDERAL DA 8A.RF/SP,1
00394494000136,MINISTERIO DA JUSTICA E SEGURANCA PUBLICA,F,Distrito Federal,Brasília,DEPEN - DIRETORIA EXECUTIVA,1
00394494011928,MINISTERIO DA JUSTICA E SEGURANCA PUBLICA,F,Distrito Federal,Brasília,MJ-DPRF-DEPART.DE POL.RODOVIARIA FEDERAL/DF,1
00394502000144,COMANDO DA MARINHA,F,Rio de Janeiro,São Pedro da Aldeia,BASE AEREA NAVAL DE SAO PEDRO DA ALDEIA/RJ,5
00394544000185,MINISTERIO DA SAUDE,F,Roraima,Boa Vista,DISTRITO SANIT.ESP.INDÍGENA - LESTE RR,1
00399857000126,COMPANHIA DE DESENV. DO VALE DO SAO FRANCISCO,F,Bahia,Bom Jesus da Lapa,CIA DE DESENV. DO VALE DO SAO FRANCISCO-BA,3
00402552000126,COMISSAO NACIONAL DE ENERGIA NUCLEAR,F,Pernambuco,Recife,CENTRO REG. DE CIENCIAS NUCLEARES DO NORDESTE,1
00444232000139,INDUSTRIA DE MATERIAL BELICO DO BRASIL IMBEL,N,Minas Gerais,Itajubá,INDUSTRIA DE MATERIAL BELICO DO BRASIL/FI,1
00476612000155,CONSORCIO PUBLICO INTERMUNICIPAL DE SAUDE DO NORTE PIONEIRO,N,Paraná,Jacarezinho,Unidade administrativa,1
00488478000102,SUPERIOR TRIBUNAL DE JUSTICA,F,Distrito Federal,Brasília,STJ _ SUPERIOR TRIBUNAL DE JUSTICA/DF,2
00508903000188,JUSTICA FEDERAL DE PRIMEIRA INSTANCIA,F,Espírito Santo,Vitória,JUSTICA FEDERAL DE 1A. INSTANCIA - ES,5
00509018000113,TRIBUNAL SUPERIOR ELEITORAL,F,Distrito Federal,Brasília,TSE _ TRIBUNAL SUPERIOR ELEITORAL/SEC.ADM/DF,2
00509968000148,TRIBUNAL SUPERIOR DO TRABALHO,F,São Paulo,Campinas,TRIBUNAL REGIONAL DO TRABALHO DA 15A.REGIAO,2
00700114000144,COMITE PARAOLIMPICO BRASILEIRO,N,São Paulo,São Paulo,COMITE PARALIMPICO BRASILEIRO/SP,2
00995538000183,CISMEV CONSORCIO INTERMU DE SAUDE DO M RIO DAS VELHAS,N,Minas Gerais,Curvelo,Unidade Única,1
01135227000107,MUNICIPIO DE MOZARLANDIA,M,Goiás,Mozarlândia,PREFEITURA MUNICIPAL DE MOZARLÂNDIA - GO,1
01254422000156,MUNICIPIO DE SAO FRANCISCO DO GUAPORE,M,Rondônia,São Francisco do Guaporé,MUNICÍPIO DE SÃO FRANCISCO DO GUAPORÉ/RO,1
01299692000183,MUNICIPIO DE VIANOPOLIS,M,Goiás,Vianópolis,MUNICIPIO DE VIANÓPOLIS/GO,1
01321850000154,MUNICIPIO DE APIACAS,M,Mato Grosso,Apiacás,PREFEITURA MUNICIPAL DE APIACÁS - MT,1
01409580000138,ESTADO DE GOIAS,E,Goiás,Goiânia,SECRETARIA DE ESTADO DA SAUDE/GO,1
01450928000130,FUNDACAO PRO-ESPORTE DE SANTOS,M,São Paulo,Santos,FUNDACAO PRO-ESPORTE DE SANTOS,1
01587887000129,MUNICIPIO DE CHUPINGUAIA,M,Rondônia,Chupinguaia,MUNICÍPIO DE CHUPINGUAIA/RO,1
01599409000139,MUNICIPIO DE CAPAO ALTO,M,Santa Catarina,Capão Alto,PREFEITURA MUNICIPAL DE CAPÃO ALTO - SC,1
01606606000138,FUNDACAO DE APOIO A PESQ. CIENTIF. TECN. DA UFRRJ,N,Rio de Janeiro,Rio de Janeiro,FUNDAÇAO A.A PESQ.CIEN.E TEC.DA UFRRJ,1
01606852000190,MUNICIPIO DE BOCAINA DO SUL,M,Santa Catarina,Bocaina do Sul,Fundo Municipal de Saúde de Bocaina do Sul,1
01607627000178,MUNICIPIO DE GOIOXIM,M,Paraná,Goioxim,PREFEITURA MUNICIPAL DE GOIOXIM - PR,1
01609408000128,MUNICIPIO DE MARATAIZES,M,Espírito Santo,Marataízes,Prefeitura Municipal de Marataízes,1
01609942000134,MUNICIPIO DE URUANA DE MINAS,M,Minas Gerais,Uruana de Minas,Secretaria Municipal de Educação,2
01610390000184,MUNICIPIO DE TAQUARAL,M,São Paulo,Taquaral,MSP-PREFEITURA MUNICIPAL DE TAQUARAL,1
01611137000145,MUNICIPIO DE GOIANA,M,Minas Gerais,Goianá,Unidade Única,1
01611213000112,MUNICIPIO DE OUROESTE,M,São Paulo,Ouroeste,MUNICIPIO DE OUROESTE,1
01612323000107,MUNICIPIO DE CENTRO NOVO DO MARANHAO,M,Maranhão,Centro Novo do Maranhão,MUNICÍPIO DE CENTRO NOVO DO MARANHÃO/MA,1
01612500000147,MUNICIPIO DE PONTO CHIQUE,M,Minas Gerais,Ponto Chique,Unidade Única,1
01612509000158,MUNICIPIO DE SARZEDO,M,Minas Gerais,Sarzedo,MUNICÍPIO DE SARZEDO/MG,1
01612516000150,MUNICIPIO DE SAO JOAQUIM DE BICAS,M,Minas Gerais,São Joaquim de Bicas,São Joaquim de Bicas,2
01612528000184,MUNICIPIO DE BANDEIRANTE,M,Santa Catarina,Bandeirante,MUNICÍPIO DE BANDEIRANTE,1
01612622000133,MUNICIPIO DE BETANIA DO PIAUI,M,Piauí,Betânia do Piauí,MUNICIPIO DE BETANIA DO PIAUI,2
01612651000103,MUNICIPIO DE GADO BRAVO,M,Paraíba,Gado Bravo,MUNICÍPIO DE GADO BRAVO/PB,1
01612745000174,MUNICIPIO DE IBIAM,M,Santa Catarina,Ibiam,PREFEITURA MUNICIPAL DE IBIAM - SC,1
01612848000134,MUNICIPIO DE FERNAO,M,São Paulo,Fernão,PREFEITURA MUNICIPAL DE FERNÃO,1
01612911000132,MUNICIPIO DE RESERVA DO IGUACU,M,Paraná,Reserva do Iguaçu,PREFEITURA MUNICIPAL DE RESERVA DO IGUAÇU-PR,1
01613770000172,MUNICIPIO DE IMBAU,M,Paraná,Imbaú,PREFEITURA MUNICIPAL DE IMBAÚ - PR,1
01614225000109,MUNICIPIO DE SAPEZAL,M,Mato Grosso,Sapezal,MUNICÍPIO DE SAPEZAL/MT,3
01614521000100,MUNICIPIO DE NOVA UBIRATA,M,Mato Grosso,Nova Ubiratã,PREFEITURA MUNICIPAL DE NOVA UBIRATÃ-MT,1
01615008000125,MUNICIPIO DE FREI LAGONEGRO,M,Minas Gerais,Frei Lagonegro,Unidade Única,1
01616520000196,MUNICIPIO DE AGUAS LINDAS DE GOIAS,M,Goiás,Águas Lindas de Goiás,SECRETARIA MUNICIPAL DE SAÚDE,1
01617441000108,MUNICIPIO DE CANTAGALO,M,Minas Gerais,Cantagalo,Unidade Única,1
01618408000194,CAMARA MUNICIPAL DE PORTO REAL,M,Rio de Janeiro,Porto Real,MRJ-CÂMARA MUNICIPAL DE PORTO REAL,1
01619323000120,MUNICIPIO DE FERNANDES PINHEIRO,M,Paraná,Fernandes Pinheiro,"SECRETARIA DE VIACAO, OBRAS E URBANISMO",1
01786078000146,TOCANTINS PROCURADORIA GERAL DA JUSTICA,E,Tocantins,Palmas,ETO-PROCURADORIA GERAL DA JUSTIÇA TOCANTINS,1
01809474000141,MUNICIPIO DE NATIVIDADE,M,Tocantins,Natividade,PREFEITURA MUNICIPAL DE NATIVIDADE,1
01974088000105,MUNICIPIO DE PRIMAVERA DO LESTE,M,Mato Grosso,Primavera do Leste,MUNICÍPIO DE PRIMAVERA DO LESTE/MT,1
02029957000196,MUNICIPIO DE JOVIANIA,M,Goiás,Joviânia,FUNDO MUNICIPAL DE SAUDE DE JOVIANIA,1
02075216000141,MUNICIPIO DE FORMOSO DO ARAGUAIA,M,Tocantins,Formoso do Araguaia,Fundo Municipal de Saúde,1
02267698000131,MUNICIPIO DE MOSSAMEDES,M,Goiás,Mossâmedes,FMS FUNDO MUNICIPAL DE SAUDE,2
02319394000170,CISALP-CONSORCIO PUBLICO INTERMUNICIPAL DE SAUDE A MICRO-REGIAO DO ALTO PARANAIBA,N,Minas Gerais,Lagoa Formosa,CONSÓRCIO INTERMUNICIPAL DE SAÚDE DO ALTO PARANAÍBA - CISALP/MG,1
02489503000106,FUNDO ESPECIAL DE REEQUIPAMENTO DO CORPO DE BOMBEIROS,E,Espírito Santo,Vitória,FUNDO ESPECIAL DE REEQUIPAMENTO DO CORPO DE BOMBEIROS MILITAR,1
03008521000183,CONSELHO REGIONAL DE MEDICINA DO ESTADO DE MATO GROSSO,F,Mato Grosso,Cuiabá,CONSELHO REGIONAL DE MEDICINA - MT,1
03184041000173,MUNICIPIO DE TRES LAGOAS,M,Mato Grosso do Sul,Três Lagoas,Prefeitura Municipal de Três Lagoas - MS,1
03238862000145,MUNICIPIO DE VILA RICA,M,Mato Grosso,Vila Rica,MUNICIPIO DE VILA RICA,2
03238888000193,MUNICIPIO DE NOVO HORIZONTE DO NORTE,M,Mato Grosso,Novo Horizonte do Norte,Departamento de Licitações,2
03239019000183,MUNICIPIO DE GUARANTA DO NORTE,M,Mato Grosso,Guarantã do Norte,PREFEITURA MUNICIPAL DE GUARANTÃ DO NORTE - MT,1
03342938000188,MUNICIPIO DE INOCENCIA,M,Mato Grosso do Sul,Inocência,Prefeitura Municipal de Inocência - MS,1
03347127000170,MUNICIPIO DE GUIRATINGA,M,Mato Grosso,Guiratinga,MUNICIPIO DE GUIRATINGA/MT,1
03347135000116,MUNICIPIO DE JACIARA,M,Mato Grosso,Jaciara,PREFEITURA MUNICIPAL DE JACIARA-MT,1
03439239000150,MUNICIPIO DE BARRA DO GARCAS,M,Mato Grosso,Barra do Garças,MUNICÍPIO DE BARRA DO GARÇAS/MT,1
03501491000142,MUNICIPIO DE BANDEIRANTES,M,Mato Grosso do Sul,Bandeirantes,Prefeitura Municipal de Bandeirantes - MS,2
03501509000106,MUNICIPIO DE CAMPO GRANDE,M,Mato Grosso do Sul,Campo Grande,Secretaria Municipal de Assistência Social,1
03507415002864,ESTADO DE MATO GROSSO,E,Mato Grosso,Cuiabá,SECRETARIA DE ESTADO DE SEGURANÇA PÚBLICA,1
03576220000156,MUNICIPIO DE BATAGUASSU,M,Mato Grosso do Sul,Bataguassu,MUNICÍPIO DE BATAGUASSU-MS,1
03643856000173,SERVICO SOCIAL DO COMERCIO - ADMINISTRACAO REGIONAL NO ESTADO DE MINAS GERAIS,N,Minas Gerais,Belo Horizonte,SERVICO SOCIAL DO COMERCIO - SESC AR/MG,3
03755477000175,MUNICIPIO DE MIRASSOL D'OESTE,M,Mato Grosso,Mirassol d'Oeste,MUNICÍPIO DE MIRASSOL D`OESTE/MT,1
03979663000198,TRIBUNAL DE JUSTICA DO ESTADO MATO GROSSO DO SUL,E,Mato Grosso do Sul,Campo Grande,FUNDO ESPECIAL INST.D.A.ATIV.J.ESP.C.CRIMINAL,1
04012548000102,MUNICIPIO DE CRUZEIRO DO SUL,M,Acre,Cruzeiro do Sul,PREFEIRURA MUNICIPAL DE CRUZEIRO DO SUL - AC,1
04034583000122,MUNICIPIO DE RIO BRANCO,M,Acre,Rio Branco,CAC-PREFEITURA MUNICIPAL DE RIO BRANCO,1
04045993000179,MUNICIPIO DE ASSIS BRASIL,M,Acre,Assis Brasil,PREFEITURA MUNICIPAL DE ASSIS BRASIL - AC,1
04092672000125,MUNICIPIO DE JI-PARANA,M,Rondônia,Ji-Paraná,PREFEITURA MUNICIPAL DE JI-PARANÁ,1
04092680000171,MUNICIPIO DE PIMENTA BUENO,M,Rondônia,Pimenta Bueno,MUNICÍPIO DE PIMENTA BUENO/RO,1
04144150000120,MUNICIPIO DE XINGUARA,M,Pará,Xinguara,Fundo Municipal de Assistência Social - FMAS,1
04213529000144,MUNICIPIO DE CRUZALTENSE,M,Rio Grande do Sul,Cruzaltense,Prefeitura Municipal Cruzaltense,2
04213687000102,MUNICIPIO DE COLNIZA,M,Mato Grosso,Colniza,PREFEITURA MUNICIPAL DE COLNIZA - MT,1
04228734000183,FUNDACAO SERVICOS DE SAUDE DE MATO GROSSO DO SUL-SAUDE-MS,E,Mato Grosso do Sul,Campo Grande,Fundação Serviços de Saúde de MS,1
04329736000169,MUNICIPIO DE PARINTINS,M,Amazonas,Parintins,MUNICIPIO DE PARINTINS/AM,1
04342459000124,SESC-ADMINISTRACAO REGIONAL NO ESTADO DE ALAGOAS,N,Alagoas,Maceió,01,1
04378626000197,FUNDACAO UNIVERSIDADE DO AMAZONAS,F,Amazonas,Manaus,FUNDACAO UNIVERSIDADE DO AMAZONAS/AM,1
04581375000143,DEFENSORIA PUBLICA -GERAL DO ESTADO DO ACRE,E,Acre,Rio Branco,DEFENSORIA PÚBLICA GERAL DO ESTADO DO ACRE,1
04597340000100,SERVICO AUTONOMO DE AGUA E ESGOTO DE PARINTINS SAAE,M,Amazonas,Parintins,SERVIÇO AUTÔNOMO DE ÁGUA E ESGOTO DE PARINTINS/AM,1
04691691000178,SERVICO MUNICIPAL AUTONOMO DE AGUA E ESGOTO,M,São Paulo,São José do Rio Preto,SERVICO MUNICIPAL AUTONOMO DE AGUA E ESGOTO,3
04696490000163,SUP. EST. DE LICITACAO,E,Rondônia,Porto Velho,SUPERINTEND.ESTAD.DE COMPRAS E LICITAÇÕES-RO,2
04892707001000,DNIT-DEPARTAMENTO NACIONAL DE INFRAEST DE TRANSPORTES,F,Espírito Santo,Vitória,SUPERINTENDÊNCIA REGIONAL DO DNIT - ES,1
04892707001778,DNIT-DEPARTAMENTO NACIONAL DE INFRAEST DE TRANSPORTES,F,São Paulo,São Paulo,SUPERINTENDÊNCIA REGIONAL DO DNIT - SP,1
04898488000177,AGENCIA NACIONAL DE TRANSPORTES TERRESTRES - ANTT,F,Distrito Federal,Brasília,AGENCIA NACIONAL DE TRANSPORTES TERRESTRES,1
04945341000190,COMPANHIA DE SANEAMENTO DO PARA,N,Pará,Belém,COMPANHIA DE SANEAMENTO DO PARÁ,1
05054861000176,ESTADO DO PARA,E,Pará,Belém,EPA - POLÍCIA MILITAR DO PARÁ,1
05054952000101,SECRETARIA DE ESTADO DE SEGURANÇA PÚBLICA E DEFESA SOCIAL,E,Pará,Belém,EPA - SECRETARIA ESTADO DE SEGURANÇA PÚBLICA,1
05054994000142,POLICIA MILITAR DO ESTADO DO PARA,E,Pará,Belém,EPA - POLÍCIA MILITAR DO PARÁ,1
05105168000185,MUNICIPIO DE LIMOEIRO DO AJURU,M,Pará,Limoeiro do Ajuru,FUNDO MUNICIPAL DE SAUDE DE LIMOEIRO DO AJURU,1
05193057000178,MUNICIPIO DE PARAGOMINAS,M,Pará,Paragominas,FUNDO MUNICIPAL DO MEIO AMBIENTE,1
05251632000141,MUNICIPIO DE TUCURUI,M,Pará,Tucuruí,PREFEITURA MUNICIPAL DE TUCURUÍ,1
05469845000144,SECRETARIA DE ESTADO DE GOVERNO,E,Goiás,Goiânia,SECRETAIA DE RELAÇOES INSTITUCIONAIS/GO,1
05472936000139,"SERVICO MUNICIPAL DE AGUA, SANEAMENTO BASICO E INFRA-ESTRUTURA",M,Santa Catarina,Itajaí,SERVIÇO MUN. DE AGUA E SANEA BAS E INFRAE.,3
05483912000185,ESTADO DO MARANHAO - PROCURADORIA GERAL DA JUSTICA,E,Maranhão,São Luís,PROCURADORIA GERAL DE JUSTIÇA DO MARANHÃO,2
05514609000100,SERVICO AUTONOMO DE AGUA E ESGOTO,M,Piauí,Campo Maior,Sistema Autônomo de Água e Esgoto de Campo Maior - SAAE,1
05522917000170,FUNDACAO MUNICIPAL DE SAUDE,M,Piauí,Teresina,PMPI-FUNDAÇÃO MUNICIPAL DE SAÚDE DE TERESINA,1
05604369000127,SUBPREFEITURA CAMPO LIMPO,M,São Paulo,São Paulo,PMSP - SUBPREFEITURA CAMPO LIMPO,1
05802877000110,INSTITUICAO DE COOPERACAO INTERMUNICIPAL DO MEDIO PARAOPEBA,N,Minas Gerais,São Joaquim de Bicas,ICISMEP,2
05816630000152,FUNDO ESTADUAL DE SAUDE DO ESTADO DA BAHIA,E,Bahia,Salvador,HOSPITAL GERAL ROBERTO SANTOS,2
05832977000199,MUNICIPIO DE SANTANA DO ARAGUAIA,M,Pará,Santana do Araguaia,FUNDO MUNICIPAL DE SAUDE,1
05835939000190,MUNICIPIO DE COLARES,M,Pará,Colares,Prefeitura Municipal de Colares,1
05853163000130,MUNICIPIO DE MARABA,M,Pará,Marabá,SERVIÇO DE SANEAMENTO AMBIENTAL DE MARABA-PA,1
05986427000124,MUNICIPIO DE MAZAGAO,M,Amapá,Mazagão,MUNICIPIO DE MAZAGÃO/AP ,1
06003636000173,MUNICIPIO DE PACO DO LUMIAR,M,Maranhão,Paço do Lumiar,Unidade Única,1
06021810000100,MUNICIPIO DE LAGO DA PEDRA,M,Maranhão,Lago da Pedra,Secretaria Municipal de Saúde,1
06070075000125,CONVALES - CONSORCIO DE SAUDE E DESENVOLVIMENTO DOS VALES DO NOROESTE DE MINAS,N,Minas Gerais,Arinos,Unidade Única,1
06080394000111,MUNICIPIO DE FORTALEZA DOS NOGUEIRAS,M,Maranhão,Fortaleza dos Nogueiras,Prefeitura Municipal de Fortaleza dos Nogueiras,1
06082820000156,MUNICIPIO DE CAXIAS,M,Maranhão,Caxias,SECRETARIA MUNICIPAL DE SAÚDE.,1
06189344000177,MUNICIPIO DE PINDARE MIRIM,M,Maranhão,Pindaré-Mirim,Fundo de Manutenção e Desenvolvimento da Educação Básica,1
06302492000156,TRIBUNAL REGIONAL ELEITORAL DE SAO PAULO,F,São Paulo,São Paulo,ESP-TRIBUNAL REGIONAL ELEITORAL DE SAO PAULO,1
06354468000160,ESTADO DO MARANHAO,E,Maranhão,São Luís,EMA - SECRETARIA DE ESTADO DA SAÚDE,1
06377063000148,MUNICIPIO DE GRAJAU,M,Maranhão,Grajaú,SECRETARIA MUNICIPAL DE SAÚDE,1
06553614000187,MUNICIPIO DE MIGUEL ALVES,M,Piauí,Miguel Alves,PREFEITURA MUNICIPAL DE MIGUEL ALVES - PI,1
06553861000183,MUNICIPIO DE PIRIPIRI,M,Piauí,Piripiri,PREFEITURA MUNICIPAL DE PIRIPIRI - PI,1
06554083000147,MUNICIPIO DE GUADALUPE,M,Piauí,Guadalupe,Guadalupe,1
06554893000101,MUNICIPIO DE PIMENTEIRAS,M,Piauí,Pimenteiras,Unidade Administrativa,1
06903553000130,MUNICIPIO DE CARUTAPERA,M,Maranhão,Carutapera,Fundo Municipal de Saúde,1
07226794000155,COMPANHIA AGUAS DE JOINVILLE,N,Santa Catarina,Joinville,COMPANHIA AGUAS DE JOINVILE - SC,2
07306549000158,CONSORCIO MULTIFINALITARIO DO BAIXO JEQUITINHONHA,N,Minas Gerais,Jacinto,Unidade Única,1
07424905000138,AGENCIA DE MODERNIZACAO DA GESTAO DE PROCESSOS,E,Alagoas,Maceió,EAL-AGENCIA DE MODERNIZACAO DA GEST. PROCESSO,1
07528292000189,MUNICIPIO DE BEBERIBE,M,Ceará,Beberibe,Secretaria Municipal de Saúde,1
07533946000162,MUNICIPIO DE TRAIRI,M,Ceará,Trairi,SECRETARIA DE SAÚDE,1
07547821000191,MUNICIPIO DE ACARAU,M,Ceará,Acaraú,SECRETARIA MUNICIPAL DE SAÚDE,1
07551179000114,MUNICIPIO DE QUITERIANOPOLIS,M,Ceará,Quiterianópolis,FUNDO MUNICIPAL DE SAÚDE,2
07570518000100,MUNICIPIO DE PEREIRO,M,Ceará,Pereiro,PREFEITURA MUNICIPAL DE PEREIRO - CE,1
07587975000107,MUNICIPIO DE CRATO,M,Ceará,Crato,PREFEITURA MUNICIPAL DE CRATO - CE,1
07616162000106,MUNICIPIO DE CAUCAIA,M,Ceará,Caucaia,Secretaria de Saúde,1
07655277000100,MUNICIPIO DE MILAGRES,M,Ceará,Milagres,PREFEITURA MUNICIPAL DE MILAGRES,1
07658917000127,MUNICIPIO DE POTENGI,M,Ceará,Potengi,PREFEITURA MUNICIPAL DE POTENGI - CE,1
07683188000169,MUNICIPIO DE IRAUCUBA,M,Ceará,Irauçuba,"SECRETARIA DO DESENVOLVIMENTO RURAL, MEIO AMBIENTE E RECURSOS HÍDRICOS",1
07693989000105,MUNICIPIO DE MONSENHOR TABOSA,M,Ceará,Monsenhor Tabosa,"Secretaria Municipal de Planejamento, Administração e Finanças",1
07705817000104,MUNICIPIO DE TAMBORIL,M,Ceará,Tamboril,PREFEITURA MUNICIPAL DE TAMBORIL - CE,1
07750478000188,"SERVICO AUTONOMO DE AGUA, ESGOTO E MEIO AMBIENTE DE SERTAOZINHO - SAEMAS",M,São Paulo,Sertãozinho,SERVIÇO AUT DE AGUA ESGOTO MEIO AMBIENTE,1
07847379000119,MUNICIPIO DE ACOPIARA,M,Ceará,Acopiara,FUNDO MUNICIPAL DE SAÚDE,1
07891682000119,MUNICIPIO DE TABULEIRO DO NORTE,M,Ceará,Tabuleiro do Norte,CONTROLADORIA GERAL DO MUNICÍPIO,1
07911696000157,MUNICIPIO DE AQUIRAZ,M,Ceará,Aquiraz,PREFEITURA MUNICIPAL DE AQUIRAZ - CE,1
07954480000179,ESTADO DO CEARA,E,Ceará,Fortaleza,GOVERNO DO ESTADO DO CEARÁ,2
08083086000175,FUNDO MUNICIPAL DE SAUDE,M,Goiás,Bela Vista de Goiás,FMS BELA VISTA DE GOIAS,1
08086662000138,MUNICIPIO DE JARDIM DO SERIDO,M,Rio Grande do Norte,Jardim do Seridó,Prefeitura,1
08088247000113,MUNICIPIO DE SANTANA DO SERIDO,M,Rio Grande do Norte,Santana do Seridó,MUNICÍPIO DE SANTANA DO SERIDÓ,1
08096083000176,MUNICIPIO DE SAO JOSE DO SERIDO,M,Rio Grande do Norte,São José do Seridó,Prefeitura Municipal de São José do Seridó,1
08096372000175,MUNICIPIO DE SERRA NEGRA DO NORTE,M,Rio Grande do Norte,Serra Negra do Norte,Municipio de Serra Negra do Norte,2
08096612000131,MUNICIPIO DE SAO FERNANDO,M,Rio Grande do Norte,São Fernando,PREFEITURA MUNICIPAL DE SÃO FERNANDO/RN,1
08194799000106,FUNDO MUNICIPAL DE SAUDE,M,Pernambuco,Machados,Fundo Municipal de Saúde de Machados,1
08241754010108,RIO GRANDE DO NORTE SECRETARIA DA SAUDE PUBLICA,E,Rio Grande do Norte,Natal,ERN-CENTRO DE HEMATOLOGIA E HEMOTERAPIA,1
08241754010299,RIO GRANDE DO NORTE SECRETARIA DA SAUDE PUBLICA,E,Rio Grande do Norte,Natal,HOSPITAL MONSENHOR WALFREDO GURGEL - RN,1
08272049000105,"SECRETARIA DE ESTADO DA AGRICULTURA, DA PECUARIA E DA PESCA",E,Rio Grande do Norte,Natal,ERN-SECRETARIA DE ESTADO DA AGRICULTURA DA PECUÁRIA E PESCA,2
08288700000135,FUNDO MUNICIPAL DE SAUDE,M,Goiás,Cachoeira Alta,FUNDO MUNICIPAL DE SAÚDE DE CACHOEIRA ALTA/GO,1
08290223000142,MUNICIPIO DE PUREZA,M,Rio Grande do Norte,Pureza,Prefeitura Municipal de Pureza,1
08334385000135,COMPANHIA DE AGUAS E ESGOTOS DO RIO GRANDE DO NORTE,N,Rio Grande do Norte,Natal,ERN - COMPANHIA DE ÁGUAS E ESGOTOS DO RN,3
08348989000130,MUNICIPIO DE ANTONIO MARTINS,M,Rio Grande do Norte,Antônio Martins,Antônio Martins,1
08361788000173,FUNDO MUNICIPAL DE SAUDE DE SAO JOAO BATISTA,M,Santa Catarina,São João Batista,FUNDO MUNICIPAL DE SAÚDE DE SÃO JOÃO BATISTA,2
08364655000150,MUNICIPIO DE RIACHUELO,M,Rio Grande do Norte,Riachuelo,Prefeitura Municipal de Riachuelo,1
08680752000152,FUNDO MUNICIPAL DE SAUDE DE MARAIAL,M,Pernambuco,Maraial,FUNDO MUNICIPAL DE SAUDE DE MARAIAL,1
08732174000150,MUNICIPIO DE CUITE,M,Paraíba,Cuité,MUNICIPIO DE CUITÉ/PB,1
08741399000173,MUNICIPIO DE PICUI,M,Paraíba,Picuí,Prefeitura Municipal de Picuí,1
08742264000122,MUNICIPIO DE QUEIMADAS,M,Paraíba,Queimadas,Prefeitura Municipal de Queimadas,1
08754111000103,MUNICIPIO DE AREIA,M,Paraíba,Areia,Prefeitura Municipal de Areia,1
08865636000108,MUNICIPIO DE AROEIRAS,M,Paraíba,Aroeiras,Setor de Compras - PMA,1
08869489000144,MUNICIPIO DE UMBUZEIRO,M,Paraíba,Umbuzeiro,Prefeitura Municipal de Umbuzeiro,1
08892295000160,ESTADO DO MARANHAO - SECRETARIA DE ESTADO DA INFRAESTRUTURA,E,Maranhão,São Luís,EMA - SECRETARIA EST.DA INFRAEST. DE SÃO LUIS,1
08924528000169,FUNDO MUNICIPAL DE SAUDE DE SAO FELIX,M,Bahia,São Félix,FUNDO MUNCIPAL DE SAÚDE DE SÃO FELIX,1
08924581000160,MUNICIPIO DE BAYEUX,M,Paraíba,Bayeux,PREFEITURA MUNICIPAL DE BAYEUX,1
08979143000107,"CONSORCIO INTERMUNICIPAL DE DESENVOLVIMENTO ECONOMICO, SOCIAL, AMBIENTAL E TURISTICO DO COMPLEXO NASCENTES DO PANTANAL",N,Mato Grosso,São José dos Quatro Marcos,"CONSORCIO INTERMUNICIPAL DE DESENVOLVIMENTO ECONOMICO, SOCIAL, AMBIENTAL E TURISTICO DO COMPLEXO NASCENTES DO PANTANAL/MT",1
08993909000108,MUNICIPIO DE ESPERANCA,M,Paraíba,Esperança,PREFEITURA MUNICIPAL DE ESPERANÇA,1
08999674000153,MUNICIPIO DE SOUSA,M,Paraíba,Sousa,Prefeitura Municipal de Sousa,1
09159378000107,FUNDO MUNICIPAL DE SAUDE DO BREJO DA MADRE DE DEUS,M,Pernambuco,Brejo da Madre de Deus,FUNDO MUNICIPAL DE SAÚDE DE BREJO DA MADRE DE DEUS,1
09283482000109,CAMARA MUNICIPAL DE JOAO PESSOA,M,Paraíba,João Pessoa,Câmara Municipal de João Pessoa,1
09583958000127,SAUDE - IS,M,São Paulo,Itapecerica da Serra,Autarquia Municipal de Saúde de Itapecerica da Serra,1
09680315000100,MUNICIPIO DE ILHA DE ITAMARACA,M,Pernambuco,Ilha de Itamaracá,PREFEITURA MUNICIPAL DA ILHA DE ITAMARACÁ,1
10091510000175,MUNICIPIO DE BEZERROS,M,Pernambuco,Bezerros,PREFEITURA MUNICIPAL DE BEZERROS,1
10091528000177,MUNICIPIO DO BREJO DA MADRE DE DEUS,M,Pernambuco,Brejo da Madre de Deus,PREFEITURA MUNICIPAL DE BREJO DA MADRE DE DEUS,1
10113728000183,MUNICIPIO DE BELEM DE SAO FRANCISCO,M,Pernambuco,Belém do São Francisco,Secretaria de Administração,1
10164028000118,MUNICIPIO DA ALIANCA,M,Pernambuco,Aliança,PREFEITURA MUNICIPAL DA ALIANÇA,1
10166817000198,MUNICIPIO DE NAZARE DA MATA,M,Pernambuco,Nazaré da Mata,PREFEITURA MUNICIPAL DE NAZARÉ DA MATA - PE,2
10186138000180,MUNICIPIO DE CATENDE,M,Pernambuco,Catende,Fundo Municipal de Saúde de Catende,1
10191799000102,MUNICIPIO DE CUPIRA,M,Pernambuco,Cupira,PREFEITURA MUNICIPAL DE CUPIRA,1
10234992000175,FUNDO MUNICIPAL DE SAUDE DE CACHOEIRINHA,M,Pernambuco,Cachoeirinha,FUNDO MUNICIPAL DE SAUDE DE CACHOEIRINHA,1
10291311000100,FUNDO MUNICIPAL DE SAUDE - ESCADA-PE,M,Pernambuco,Escada,FUNDO MUNICIPAL DE SAUDE DE ESCADA,1
10358174000184,MUNICIPIO DE AFRANIO,M,Pernambuco,Afrânio,fundo municipal de saúde,1
10429253000139,FUNDO MUNICIPAL DE SAUDE DE ARACRUZ,M,Espírito Santo,Aracruz,FUNDO MUNICIPAL DE SAUDE DE ARACRUZ,1
10559279000100,SUPERINTENDENCIA DE AGUA E ESGOTO DE CATANDUVA,M,São Paulo,Catanduva,MSP-SUPERINTENDENCIA DE ÁGUA. E ESG CATANDUVA,1
10572022000180,SECRETARIA DE ADMINISTRACAO,E,Pernambuco,Recife,EPE-SECRETARIA DE ADMINISTRAÇÃO DO GOVERNO,4
10628610000198,FUNDO MUNICIPAL DE SAUDE,M,Pernambuco,Limoeiro,FUNDO MUNICIPAL DE SAUDE DE LIMOEIRO - PE,1
10648539000105,"INSTITUTO FEDERAL DE EDUCACAO, CIENCIA E TECNOLOGIA DO SUL DE MINAS GERAIS",F,Minas Gerais,Pouso Alegre,"INST.FED.DE EDUC.,CIENC.E TEC.DO SUL DE MG",1
10673078000120,"INSTITUTO FEDERAL DE EDUCACAO, CIENCIA E TECNOLOGIA DE MATO GROSSO DO SUL",F,Mato Grosso do Sul,Campo Grande,"INST.FED.DE EDUC.,CIENC.E TEC DO MAT.G.DO SUL",1
10690604000160,FUNDO MUNICIPAL DE SAUDE,M,Espírito Santo,Conceição da Barra,MES-FUNDO MUN DE SAUDE DE CONCEIÇÃO DA BARRA,1
10706597000148,SERVICO DE AGUA E ESGOTO DE ENGENHEIRO COELHO,M,São Paulo,Engenheiro Coelho,Unidade Única,1
10727655000110,"INSTITUTO FEDERAL DE EDUCACAO, CIENCIA E TECNOLOGIA DO NORTE DE MINAS GERAIS",F,Minas Gerais,Salinas,"INST.F.ED.,CIENC.E TEC.DE NORTE DE MG/C.SALIN",1
10729992000146,"INSTITUTO FEDERAL DE EDUCACAO, CIENCIA E TECNOLOGIA SUL-RIO-GRANDENSE - RS",F,Rio Grande do Sul,Pelotas,INST FED.SUL R.GRANDENSE/CAMPUS PELOTAS,1
10770641000189,CENTRO NACIONAL DE TEC ELETRONICA AVANçADA SA,F,Rio Grande do Sul,Porto Alegre,CENTRO NACIONAL DE TECNOL.ELETRONICA AVANÇADA,1
10839115000128,FUNDO MUNICIPAL DE SAUDE,M,Goiás,Petrolina de Goiás,FUNDO MUNICIPAL DE SAÚDE,1
10918674000123,"INSTITUTO FEDERAL DE EDUCACAO,CIENCIA E TECNOLOGIA DO ACRE",F,Acre,Rio Branco,"INST.FED.DE EDUC.,CIENC.E TEC.DO ACRE",1
10971858000157,FUNDO MUNICIPAL DE SAUDE DE CAPIVARI DE BAIXO,M,Santa Catarina,Capivari de Baixo,FUNDO MUNICIPAL DE SAUDE DE CAPIVARI DE BAIXO,1
11113201000111,FUNDO MUNICIPAL DE SAUDE,M,Goiás,Porangatu,FUNDO MUNICIPAL DE SAUDE,1
11168270000122,FUNDO MUNICIPAL DE SAUDE -FMS,M,Goiás,Palmeiras de Goiás,FMS - PALMEIRAS DE GOIAS,1
11218352000134,FUNDO MUNICIPAL DE SAUDE,M,Santa Catarina,Timbé do Sul,FUNDO MUNICIPAL DE SAUDE,1
11258723000101,FUNDO MUNICIPAL DE SAUDE DE VICENTINOPOLIS,M,Goiás,Vicentinópolis,FMS,1
11280020000180,FUNDO MUNICIPAL DE SAUDE,M,Goiás,Bonópolis,FUNDO MUNICIPAL DE SAUDE BONOPOLIS,1
11285282000137,FUNDACAO ESTATAL DE SAUDE DO PANTANAL,M,Mato Grosso do Sul,Coxim,FESP - FUNDAÇÃO ESTATAL DE SAÚDE DO PANTANAL,1
11293112000102,FUNDO MUNICIPAL DE SAUDE,M,Pernambuco,Tuparetama,Fundo Municipal de Saúde de Tuparetama,1
11297536000137,FUNDO MUNICIPAL DE SAUDE,M,Rio de Janeiro,Paty do Alferes,Fundo Municipal de Saúde de Paty do Alferes - RJ,1
11308894000106,FUNDO MUNICIPAL DE SAUDE,M,Rio de Janeiro,Macaé,FUNDO MUNICIPAL DE SAUDE DE MACAE - RJ,1
11335591000174,FUNDO MUNICIPAL DE SAUDE,M,Goiás,Carmo do Rio Verde,FMS,1
11352368000135,FUNDO MUNICIPAL DE SAUDE - ITAGUARU,M,Goiás,Itaguaru,FMS - ITAGUARU,1
11355483000163,FUNDO MUNICIPAL DE SAUDE DE INDAIAL,M,Santa Catarina,Indaial,Secretaria Municipal de Saúde,2
11358116000113,MUNICIPIO DE SERTANIA,M,Pernambuco,Sertânia,PREFEITURA MUNICIPAL DE SERTANIA,1
11358165000156,MUNICIPIO DE CUSTODIA,M,Pernambuco,Custódia,Fundo Municipal de Saúde de Custódia,1
11361243000171,MUNICIPIO DE SALGUEIRO,M,Pernambuco,Salgueiro,PREFEITURA MUNICIPAL DE SALGUEIRO,1
11365532000149,FUNDO MUNICIPAL DE SAUDE,M,Sergipe,Siriri,FUNDO MUNICIPAL DE SAÚDE DE SIRIRI,1
11416993000101,FUNDO MUNICIPAL DE SAUDE DE SANTA CECILIA,M,Santa Catarina,Santa Cecília,FUNDO MUNICIPAL DE SAÚDE DE SANTA CECÍLIA,1
11418721000132,FUNDO MUNICIPAL DA SAUDE DE SAO JOAO DO OESTE,M,Santa Catarina,São João do Oeste,FMSAUDE SJO,1
11429331000168,FUNDO MUNICIPAL DE SAUDE,M,Sergipe,Santana do São Francisco,FUNDO MUNICIPAL DE SAÚDE DE SANTANA DO SÃO FRANCISCO/SE,1
11430842000108,FUNDO MUNICIPAL DE SAUDE DE CERRO NEGRO,M,Santa Catarina,Cerro Negro,Fundo Municipal de Saúde de Cerro Negro,1
11503081000169,FUNDO MUNICIPAL DE SAUDE DE SAO JOSE DO EGITO,M,Pernambuco,São José do Egito,FUNDO MUNICIPAL DE ASSISTENCIA SOCIAL,1
11675013000187,FUNDO MUNICIPAL DE SAUDE DE URUTAI-GO,M,Goiás,Urutaí,FMS FUNDO MUN SAUDE URUTAI,1
11800731000138,FUNDO MUNICIPAL DE SAUDE/SUS DO MUNICIPIO DE RESENDE,M,Rio de Janeiro,Resende,FUNDO MUNICIPAL DE SAÚDE DE RESENDE - SUS,2
11944899000206,INSTITUTO DE RECURSOS HUMANOS DE PERNAMBUCO - IRH-PE,E,Pernambuco,Recife,EPE-SISTEMA DE ASSIST. A SAUDE DOS SER.ESTADO,1
11952334000181,FUNDO MUNICIPAL DE SAUDE DE LAJEADO DO TOCANTINS-TO,M,Tocantins,Lajeado,FUNDO MUNICIPAL DE SAÚDE DE LAJEADO/TO,1
11970135000104,FUNDO MUNICIPAL DE SAUDE DE COXIM-MS,M,Mato Grosso do Sul,Coxim,FUNDO MUNICIPAL DE SAÚDE DE COXIM - MS,1
12021434000157,FUNDO MUNICIPAL DE SAUDE DE JARAGUARI,M,Mato Grosso do Sul,Jaraguari,FUNDO MUNICIPAL DE SAUDE DE JARAGUARI,1
12053489000149,FUNDO MUNICIPAL DE SAUDE,M,Goiás,Jataí,Fundo Municipal de Saúde de Jataí,1
12207452000128,MUNICIPIO DE TRAIPU,M,Alagoas,Traipu,PREFEITURA MUNICIPAL DE TRAIPU,1
12213549000143,FUNDO MUNICIPAL DE SAUDE DE ARUANA,M,Goiás,Aruanã,FUNDO MUNICIPAL DE SAUDE FMS,1
12224895000127,MUNICIPIO DE DELMIRO GOUVEIA,M,Alagoas,Delmiro Gouveia,MUNICÍPIO DE DELMIRO GOUVEIA/AL ,1
12248878000120,MUNICIPIO DE NOVO LINO,M,Alagoas,Novo Lino,PREFEITURA MUNICIPAL DE NOVO LINO - AL,1
12250916000189,MUNICIPIO DE SANTANA DO IPANEMA,M,Alagoas,Santana do Ipanema,PREFEITURA MUNICIPAL DE SANTANA DO IPANEMA,1
12284122000136,FUNDO MUNICIPAL DE SAUDE,M,Bahia,Dias d'Ávila,FUNDO MUNICIPAL DE SAÚDE DE DIAS D'ÁVILA,1
12332953000136,MUNICIPIO DE MURICI,M,Alagoas,Murici,PREFEITURA MUNICIPAL DE MURICI,1
12332987000120,MUNICIPIO DE COLONIA LEOPOLDINA,M,Alagoas,Colônia Leopoldina,PREFEITURA MUNICIPAL DE COLÔNIA LEOPOLDINA,1
12356879000198,MUNICIPIO DE PALMEIRA DOS INDIOS,M,Alagoas,Palmeira dos Índios,PREFEITURA MUNICIPAL DE PALMEIRA DOS ÍNDIOS,1
12464103000191,MUNICIPIO DE DEPUTADO IRAPUAN PINHEIRO,M,Ceará,Deputado Irapuan Pinheiro,FUNDEB,1
12600146000157,FUNDACAO SERVICOS DE SAUDE DE NOVA ANDRADINA,M,Mato Grosso do Sul,Nova Andradina,FUNDAÇAO SERVIÇOS DE SAUDE DE NOVA ANDRADINA,1
12640342000155,FUNDO MUNICIPAL DE SAUDE,M,Rio de Janeiro,Paraty,FUNDO MUNICIPAL DE SAUDE DE PARATY,1
13018171000190,COMPANHIA DE SANEAMENTO DE SERGIPE - DESO,M,Sergipe,Aracaju,CIA SANEAMENTO DE SERGIPE DESO,1
13031547000104,FUNDACAO UNIVERSIDADE FEDERAL DE SERGIPE,F,Sergipe,São Cristóvão,MEC-UNIVERSIDADE FEDERAL/SE,2
13108089000156,MUNICIPIO DE SIMAO DIAS,M,Sergipe,Simão Dias,PREFEITURA MUNICIPAL DE SIMÃO DIAS,1
13111001000155,FUNDO MUNICIPAL DE SAUDE DE TALISMA,M,Tocantins,Talismã,FUNDO MUNICIPAL DE SAÚDE DE TALISMÃ/TO,2
13128780004431,MUNICIPIO DE ARACAJU,M,Sergipe,Aracaju,"SEPLOG-Secretaria Municipal do Planejamento, Orçamento e Gestão de Aracaju-SE",1
13183513000127,FUNDACAO DE SAUDE SAPUCAIA DO SUL,M,Rio Grande do Sul,Sapucaia do Sul,FUNDAÇÃO DE SAÚDE SAPUCAIA DO SUL,2
13230982000150,MUNICIPIO DE CAPIM GROSSO,M,Bahia,Capim Grosso,MUNICÍPIO DE CAPIM GROSSO/BA,1
13504675000110,EMPRESA BAIANA DE AGUAS E SANEAMENTO S/A - EMBASA,N,Bahia,Salvador,EMPRESA BAIANA DE AGUAS E SANEAMENTO S/A - EMBASA,4
13672605000170,MUNICIPIO DE UNA,M,Bahia,Una,PREFEITURA MUNICIPAL DE UNA - BA,1
13676309000148,MUNICIPIO DE TANHACU,M,Bahia,Tanhaçu,TANHACU,1
13681884000139,CONSORCIO INTERMUNICIPAL DE SAUDE DO LITORAL DO PARANA - CISLIPA,N,Paraná,Paranaguá,MPR-CONSÓRCIO INTERMUNICIPAL SAÚDE LITORAL,1
13696521000177,MUNICIPIO DE ACAJUTIBA,M,Bahia,Acajutiba,MUNICÍPIO DE ACAJUTIBA/BA,1
13719646000175,MUNICIPIO DE ITABERABA,M,Bahia,Itaberaba,COMISSAO DE LICITACOES,1
13761705000173,MUNICIPIO DE MUCURI,M,Bahia,Mucuri,PREFEITURA MUNICIPAL DE MUCURI,2
13782461000105,MUNICIPIO DE MACAUBAS,M,Bahia,Macaúbas,MUNICIPIO DE MACAUBAS/BA,1
13846753000164,MUNICIPIO DE IBIRAPITANGA,M,Bahia,Ibirapitanga,PREFEITURA MUNICIPAL DE IBIRAPITANGA - BA,1
13864377000130,FUNDO MUNICIPAL DE SAUDE - FMS,M,São Paulo,São Paulo,PMSP - SECRETARIA MUNICIPAL DE SAÚDE,1
13902557000160,FUNDO MUNICIPAL DE SAUDE DE BRAZABRANTES,M,Goiás,Brazabrantes,FUNDO MUNICIPAL DE SAUDE DE BRAZABRANTES - GO,1
13907373000192,MUNICIPIO DE ENCRUZILHADA,M,Bahia,Encruzilhada,PREFEITURA MUNICIPAL DE ENCRUZILHADA - BA,1
13908702000110,MUNICIPIO DE CAMPO FORMOSO,M,Bahia,Campo Formoso,DEPARTAMENTO DE EDUCAÇÃO,1
13910203000167,MUNICIPIO DE MARACAS,M,Bahia,Maracás,PREFEITURA DE MARACAS,1
13927801000149,MUNICIPIO DE SALVADOR,M,Bahia,Salvador,SEMOB SECRETARIA MUNICIPAL DE MOBILIDADE,1
13937032000160,ESTADO DA BAHIA,E,Bahia,Salvador,FESBA - FUNDO ESTADUAL DE SAUDE DO ESTADO DA BAHIA,2
13988308000139,MUNICIPIO DE SENHOR DO BONFIM,M,Bahia,Senhor do Bonfim,SECRETARIA MUNICIPAL DE EDUCAÇÃO,1
14060602000149,MUNICIPIO DE SAO GONCALO DOS CAMPOS,M,Bahia,São Gonçalo dos Campos,ADMINISTRAçãO,1
14105183000114,MUNICIPIO DE BOM JESUS DA LAPA,M,Bahia,Bom Jesus da Lapa,Prefeitura Municipal de Bom Jesus da Lapa,3
14217327000124,MUNICIPIO DE PAULO AFONSO,M,Bahia,Paulo Afonso,PREFEITURA MUNICIPAL DE PAULO AFONSO - BA,1
14217350000119,MUNICIPIO DE RODELAS,M,Bahia,Rodelas,MUNICÍPIO DE RODELAS/BA,1
14608771000170,FUNDO MUNICIPAL DE SAUDE DE CELSO RAMOS,M,Santa Catarina,Celso Ramos,FUNDO MUNICIPAL DE SAÚDE DE CELSO RAMOS,1
14688861000119,CONSORCIO INTERMUNICIPAL VELHO CORONEL - CVC,N,Santa Catarina,Coronel Freitas,CVC - Consorcio Intermunicipal Velho Coronel - CVC,1
15023898000190,MUNICIPIO DE AGUA BOA,M,Mato Grosso,Água Boa,MUNICÍPIO DE ÁGUA BOA/MT,1
15024003000132,MUNICIPIO DE SINOP,M,Mato Grosso,Sinop,Departamento de Licitações,1
15024029000180,MUNICIPIO DE SAO JOSE DOS QUATRO MARCOS,M,Mato Grosso,São José dos Quatro Marcos,MUNICÍPIO DE SÃO JOSÉ DOS QUATRO MARCOS/MT,1
15126437000305,EMPRESA BRASILEIRA DE SERVICOS HOSPITALARES - EBSERH,N,Rio Grande do Norte,Natal,HOSPITAL UNIVERSITÁRIO ONOFRE LOPES,7
15180714000104,UNIVERSIDADE FEDERAL DA BAHIA,F,Bahia,Salvador,COMPLEXO HOSPITALAR E DE SAUDE DA UFBA,2
15255367000123,FUNDACAO ESCOLA POLITECNICA DA BAHIA,N,Bahia,Salvador,FUNDACAO ESCOLA POLITECNICA DA BAHIA,1
15389596000130,MUNICIPIO DE COSTA RICA,M,Mato Grosso do Sul,Costa Rica,Comissão Permanente de Licitação,1
15417520000171,CONSELHO REGIONAL DE ENGENHARIA E AGRONOMIA DE MATO GROSSO DO SUL,F,Mato Grosso do Sul,Campo Grande,CONSELHO REG. DE ENGENHARIA E AGRONOMIA - MS,1
15461510000133,FUNDACAO UNIVERSIDADE FEDERAL DE MATO GROSSO DO SUL,F,Mato Grosso do Sul,Campo Grande,FUNDACAO UNIVERS.FEDERAL/MS,1
15465016000147,MUNICIPIO DE BODOQUENA,M,Mato Grosso do Sul,Bodoquena,MMS-PREFEITURA MUNICIPAL DE BODOQUENA,1
15883796000145,DEPARTAMENTO ESTADUAL DE TRANSITO,E,Rondônia,Porto Velho,ERO-DEPARTAMENTO ESTADUAL DE TRÃNSITO,1
16692121000181,HOSPITAL METROPOLITANO ODILON BEHRENS - HOB,M,Minas Gerais,Belo Horizonte,HOSPITAL METROPOLITANO ODILON BEHRENS-BH - MG,1
16695025000197,POLICIA MILITAR DO ESTADO DE MINAS GERAIS,E,Minas Gerais,Belo Horizonte,CSC-SAUDE/DS,1
16752446000102,MUNICIPIO DE CONGONHAS,M,Minas Gerais,Congonhas,PREFEITURA MUNICIPAL DE CONGONHAS - MG,1
16819831000120,MUNICIPIO DE NOVA ERA,M,Minas Gerais,Nova Era,Unidade Única,1
16870974000166,MUNICIPIO DE SANTO ANTONIO DO MONTE,M,Minas Gerais,Santo Antônio do Monte,Sec. Municipal de Educação,2
16886608000103,MUNICIPIO DE CHAPADA DO NORTE,M,Minas Gerais,Chapada do Norte,Unidade Unica,1
16888315000157,UNIVERSIDADE FEDERAL DOS VALES DO JEQUITINHONHA E MUCURI,F,Minas Gerais,Diamantina,UNIV.FED.DOS VALES DO JEQUITINHONHA E MUCURI,1
16958425000148,"SECRETARIA DE ESTADO DE INDUSTRIA, CIENCIA E TECNOLOGIA",E,Acre,Rio Branco,EAC-SECRETARIA DE EST.INDÚST.CIÊNCIA E TECNOL,1
17005216000142,MUNICIPIO DE ACUCENA,M,Minas Gerais,Açucena,Unidade Única,1
17005653000166,MUNICIPIO DE BELO ORIENTE,M,Minas Gerais,Belo Oriente,Unidade Única,1
17097791000112,MUNICIPIO DE MONTALVANIA,M,Minas Gerais,Montalvânia,Unidade Única,1
17138140000123,EMPRESA DE PESQUISA AGROPECUARIA DE MINAS GERAIS,E,Minas Gerais,Belo Horizonte,DPSU,1
17161837000115,COMPANHIA DE HABITACAO DO ESTADO DE MINAS GERAIS - COHAB MINAS,N,Roraima,Boa Vista,MRR-EMPRESA DE DESEN.URBANO E HABITACIONAL,1
17217332000125,INSTITUTO DE PREVIDENCIA DOS SERVIDORES DO ESTADO MG,E,Minas Gerais,Belo Horizonte,GEASU-DEAC,1
17464652000180,FUNDACAO JOAO PINHEIRO,E,Minas Gerais,Belo Horizonte,CCCA,1
17503475000101,FUNDACAO EZEQUIEL DIAS,E,Minas Gerais,Belo Horizonte,SERVICO DE COMPRAS,1
17744442000145,MUNICIPIO DE MERCES,M,Minas Gerais,Mercês,PREFEITURA MUNICIPAL DE MERCES,1
17754201000187,MUNICIPIO DE FELICIO DOS SANTOS,M,Minas Gerais,Felício dos Santos,Unidade Única,1
17899717000110,MUNICIPIO DE ARCEBURGO,M,Minas Gerais,Arceburgo,Unidade Única,1
17900473000148,MUNICIPIO DE GUARANESIA,M,Minas Gerais,Guaranésia,Unidade Única,1
17906314000150,MUNICIPIO DE SAO SEBASTIAO DO RIO VERDE,M,Minas Gerais,São Sebastião do Rio Verde,Unidade Única,1
17935396000161,MUNICIPIO DE CAMANDUCAIA,M,Minas Gerais,Camanducaia,Prefeitura Municipal de Camanducaia-MG,1
17947581000176,MUNICIPIO DE MURIAE,M,Minas Gerais,Muriaé,SECRETARIA MUNICIPAL DE ADMINISTRAÇÃO,1
17947649000117,MUNICIPIO DE BARAO DO MONTE ALTO,M,Minas Gerais,Barão do Monte Alto,MMG-PREFEITURA MUN. DE BARAO DO MONTE ALTO,1
17954546000184,MUNICIPIO DE SAO VICENTE DE MINAS,M,Minas Gerais,São Vicente de Minas,PREFEITURA MUNICIPAL DE SÃO VICENTE DE MINAS,2
17955535000119,MUNICIPIO DE TRES CORACOES,M,Minas Gerais,Três Corações,PREFEITURA MUNICIPAL DE TRÊS CORAÇÕES,1
17963083000117,MUNICIPIO DE ARACUAI,M,Minas Gerais,Araçuaí,Unidade Única,1
18008862000126,MUNICIPIO DE BAEPENDI,M,Minas Gerais,Baependi,Unidade Única,1
18013326000119,MUNICIPIO DE PORTEIRINHA,M,Minas Gerais,Porteirinha,Unidade Única,1
18017442000106,MUNICIPIO DE BRASILIA DE MINAS,M,Minas Gerais,Brasília de Minas,Secretaria Municipal de Educação,2
18025890000151,MUNICIPIO DE BRASOPOLIS,M,Minas Gerais,Brazópolis,Prefeitura Municipal de Brazópolis - MG,1
18025932000154,MUNICIPIO DE GONCALVES,M,Minas Gerais,Gonçalves,Compras e Licitação,1
18025981000197,MUNICIPIO DE PIRANGUCU,M,Minas Gerais,Piranguçu,Departamento de Administração,2
18080655000182,MUNICIPIO DE ENGENHEIRO CALDAS,M,Minas Gerais,Engenheiro Caldas,MUNICIPIO DE ENGENHEIRO CALDAS,1
18083659000114,MUNICIPIO DE JEQUITINHONHA,M,Minas Gerais,Jequitinhonha,Unidade Única,1
18094839000100,MUNICIPIO DE IBERTIOGA,M,Minas Gerais,Ibertioga,Unidade Única,1
18094870000132,MUNICIPIO DE SENHORA DOS REMEDIOS,M,Minas Gerais,Senhora dos Remédios,PREFEITURA MUNICIPAL DE SENHORA DOS REMÉDIOS ,1
18125146000129,MUNICIPIO DE BURITIS,M,Minas Gerais,Buritis,Unidade Única,1
18128256000144,MUNICIPIO DE RODEIRO,M,Minas Gerais,Rodeiro,Unidade Única,1
18132449000179,MUNICIPIO DE VICOSA,M,Minas Gerais,Viçosa,PREFEITURA MUNICIPAL DE VIÇOSA - MG,1
18133306000181,MUNICIPIO DE ERVALIA,M,Minas Gerais,Ervália,PREFEITURA MUNICIPAL DE ERVÁLIA,1
18133439000158,MUNICIPIO DE PEDRA DO ANTA,M,Minas Gerais,Pedra do Anta,PREFEITURA MUNICIPAL DE PEDRA DO ANTA - MG,1
18140764000148,MUNICIPIO DE SACRAMENTO,M,Minas Gerais,Sacramento,MUNICÍPIO DE SACRAMENTO/MG,1
18178400000157,MUNICIPIO DE CAMPESTRE,M,Minas Gerais,Campestre,Unidade Única,2
18239616000185,MUNICIPIO DE GUAPE,M,Minas Gerais,Guapé,PREFEITURA MUNICIPAL DE GUAPE,2
18240119000105,MUNICIPIO DE VARGINHA,M,Minas Gerais,Varginha,Prefeitura do Município de Varginha,1
18241356000182,MUNICIPIO DE PRATAPOLIS,M,Minas Gerais,Pratápolis,Prefeitura Municipal de Pratápolis,1
18241752000100,MUNICIPIO DE ALPINOPOLIS,M,Minas Gerais,Alpinópolis,Unidade Única,1
18244087000108,MUNICIPIO DE RIBEIRAO VERMELHO,M,Minas Gerais,Ribeirão Vermelho,PREFEITURA DE RIBEIRÃO VERMELHO - MG,1
18244335000110,MUNICIPIO DE SANTO ANTONIO DO AMPARO,M,Minas Gerais,Santo Antônio do Amparo,Secretaria Municipal de Administração,1
18244350000169,MUNICIPIO DE NEPOMUCENO,M,Minas Gerais,Nepomuceno,Prefeitura Municipal de Nepomuceno - MG,1
18244376000107,MUNICIPIO DE LAVRAS,M,Minas Gerais,Lavras,Prefeitura Municipal de Lavras,1
18244392000108,MUNICIPIO DE ITUMIRIM,M,Minas Gerais,Itumirim,PREFEITURA MUNICIPAL DE ITUMIRIM,1
18244418000100,MUNICIPIO DE IBITURUNA,M,Minas Gerais,Ibituruna,PREFEITURA MUNICIPAL DE IBITURUNA,1
18291369000166,MUNICIPIO DE SAO GONCALO DO PARA,M,Minas Gerais,São Gonçalo do Pará,Unidade Única,1
18291377000102,MUNICIPIO DE CARMO DO CAJURU,M,Minas Gerais,Carmo do Cajuru,ADMINISTRAÇÃO E RH,1
18291385000159,MUNICIPIO DE NOVA SERRANA,M,Minas Gerais,Nova Serrana,Unidade Única,1
18296673000104,MUNICIPIO DE PAINEIRAS,M,Minas Gerais,Paineiras,Prefeitura Municipal de Paineiras,3
18296699000144,MUNICIPIO DE QUARTEL GERAL,M,Minas Gerais,Quartel Geral,Unidade Única,1
18300996000116,MUNICIPIO DE ARAUJOS,M,Minas Gerais,Araújos,Unidade Única,1
18303180000146,MUNICIPIO DE CONGONHAS DO NORTE,M,Minas Gerais,Congonhas do Norte,Unidade Única,1
18303206000156,MUNICIPIO DE MATERLANDIA,M,Minas Gerais,Materlândia,Unidade Única,1
18303230000195,MUNICIPIO DE SERRA AZUL DE MINAS,M,Minas Gerais,Serra Azul de Minas,Unidade Única,2
18303255000199,MUNICIPIO DE RIO VERMELHO,M,Minas Gerais,Rio Vermelho,MUNICIPIO DE RIO VERMELHO,2
18308775000194,MUNICIPIO DE CLAUDIO,M,Minas Gerais,Cláudio,Unidade Única,1
18309724000187,MUNICIPIO DE ITAUNA,M,Minas Gerais,Itaúna,Unidade Única,2
18313007000129,MUNICIPIO DE CRUCILANDIA,M,Minas Gerais,Crucilândia,Unidade Única,3
18313015000175,MUNICIPIO DE ITAGUARA,M,Minas Gerais,Itaguara,PREFEITURA MUNICIPAL DE ITAGUARA,1
18313866000118,MUNICIPIO DE PAPAGAIOS,M,Minas Gerais,Papagaios,Unidade Única,1
18313882000100,MUNICIPIO DE SAO JOSE DA VARGINHA,M,Minas Gerais,São José da Varginha,Unidade Única,1
18314617000147,MUNICIPIO DE CAPIM BRANCO,M,Minas Gerais,Capim Branco,Unidade Única,1
18315218000109,MUNICIPIO DE LEANDRO FERREIRA,M,Minas Gerais,Leandro Ferreira,Unidade Única,1
18316257000112,MUNICIPIO DE PIEDADE DE PONTE NOVA,M,Minas Gerais,Piedade de Ponte Nova,Unidade Única,1
18338178000102,MUNICIPIO DE JUIZ DE FORA,M,Minas Gerais,Juiz de Fora,Subsecretaria de Licitações e Compras - SSLICOM,1
18338269000148,MUNICIPIO DE SANTA RITA DE JACUTINGA,M,Minas Gerais,Santa Rita de Jacutinga,Prefeitura Municipal de Santa Rita de Jacutinga,1
18338855000192,MUNICIPIO DE TARUMIRIM,M,Minas Gerais,Tarumirim,Unidade Única,1
18348722000105,MUNICIPIO DE CORONEL MURTA,M,Minas Gerais,Coronel Murta,Departamento de Infra-Estrutura,2
18349894000195,MUNICIPIO DE ALMENARA,M,Minas Gerais,Almenara,Unidade Única,1
18363929000140,MUNICIPIO DE BRUMADINHO,M,Minas Gerais,Brumadinho,Secretária Municipal de Saúde,1
18392506000159,MUNICIPIO DE ALTO JEQUITIBA,M,Minas Gerais,Alto Jequitibá,Unidade Única,1
18400945000166,MUNICIPIO DE RIO PIRACICABA,M,Minas Gerais,Rio Piracicaba,Unidade Única,1
18404764000108,MUNICIPIO DE PADRE PARAISO,M,Minas Gerais,Padre Paraíso,Unidade Única,2
18404855000143,MUNICIPIO DE ITAMBACURI,M,Minas Gerais,Itambacuri,Unidade Única,1
18404988000110,MUNICIPIO DE SAO JOSE DO DIVINO,M,Minas Gerais,São José do Divino,Unidade Única,1
18413179000174,MUNICIPIO DE ITUETA,M,Minas Gerais,Itueta,MUNICIPIO DE ITUETA,1
18414565000180,MUNICIPIO DE PEDRA AZUL,M,Minas Gerais,Pedra Azul,Unidade Única,1
18449157000164,MUNICIPIO DE PLANURA,M,Minas Gerais,Planura,MUNICIPIO DE PLANURA -  MG,1
18457226000181,MUNICIPIO DE SANTA VITORIA,M,Minas Gerais,Santa Vitória,MUNICIPIO DE SANTA VITORIA,1
18457242000174,MUNICIPIO DE ITURAMA,M,Minas Gerais,Iturama,MUNICIPIO DE ITURAMA/MG,1
18457267000178,MUNICIPIO DE CACHOEIRA DOURADA,M,Minas Gerais,Cachoeira Dourada,MUNICIPIO DE CACHOEIRA DOURADA/MG,1
18468041000172,MUNICIPIO DE CRUZEIRO DA FORTALEZA,M,Minas Gerais,Cruzeiro da Fortaleza,MUNICÍPIO DE CRUZEIRO DA FORTALEZA/MG,1
18477315000190,MUNICIPIO DE CARLOS CHAGAS,M,Minas Gerais,Carlos Chagas,Unidade Única,1
18591149000158,MUNICIPIO DE COROMANDEL,M,Minas Gerais,Coromandel,MEDIA E ALTA COMPLEXIDADE,1
18602052000101,MUNICIPIO DE GUIMARANIA,M,Minas Gerais,Guimarânia,MUNICÍPIO DE GUIMARÂNIA/MG,1
18666172000164,MUNICIPIO DE SAO PEDRO DA UNIAO,M,Minas Gerais,São Pedro da União,Unidade Única,1
18668376000134,MUNICIPIO DE MONTE BELO,M,Minas Gerais,Monte Belo,SECRETARIA MUNICIPAL DE ADMINISTRACAO,1
18671271000134,MUNICIPIO DE OURO FINO,M,Minas Gerais,Ouro Fino,Ouro Fino,1
18675934000199,MUNICIPIO DE MUNHOZ,M,Minas Gerais,Munhoz,Munhoz,1
18675967000139,MUNICIPIO DE CONGONHAL,M,Minas Gerais,Congonhal,Prefeitura Municipal de Congonhal,1
18675975000185,MUNICIPIO DE CAMBUI,M,Minas Gerais,Cambuí,Cambuí,1
18677591000100,MUNICIPIO DE EXTREMA,M,Minas Gerais,Extrema,Unidade Única,1
18677609000165,MUNICIPIO DE CONCEICAO DOS OUROS,M,Minas Gerais,Conceição dos Ouros,PREFEITURA MUNICIPAL DE CONCEIÇÃO DOS OUROS,1
18684217000123,MUNICIPIO DE BOM JARDIM DE MINAS,M,Minas Gerais,Bom Jardim de Minas,Prefeitura Municipal de Bom Jardim de Minas,2
18685438000116,MUNICIPIO DE PIEDADE DO RIO GRANDE,M,Minas Gerais,Piedade do Rio Grande,PREFEITURA MUNICIPAL DE PIEDADE DO RIO GRANDE,1
18691766000125,MUNICIPIO DE ITATIAIUCU,M,Minas Gerais,Itatiaiuçu,PREFEITURA MUNICIPAL DE ITATIAIUCU - MG,2
18712158000150,MUNICIPIO DE SAO GONCALO DO SAPUCAI,M,Minas Gerais,São Gonçalo do Sapucaí,Unidade Única,1
18715573000167,"SECRETARIA DE ESTADO DE AGRICULTURA, PECUARIA E ABASTECIMENTO",E,Minas Gerais,Belo Horizonte,SETOR DE COMPRAS/DPO/SEAPA,1
18940098000122,MUNICIPIO DE BUENO BRANDAO,M,Minas Gerais,Bueno Brandão,Unidade Única,1
19229921000159,MUNICIPIO DE CAPELINHA,M,Minas Gerais,Capelinha,Unidade Única,1
19259951000108,MUNICIPIO DE CAPELA NOVA,M,Minas Gerais,Capela Nova,PREFEITURA  MUNICIPAL DE CAPELA NOVA,1
19296278000186,FUNDO MUNICIPAL DE SAUDE DO MUNICIPIO DE CAMPO ALEGRE,M,Alagoas,Campo Alegre,FUNDO MUNICIPAL DE SAÚDE DE CAMPO ALEGRE,1
19382647000153,MUNICIPIO DE GUARACIABA,M,Minas Gerais,Guaraciaba,Unidade Única,1
19493732000199,CONSORCIO INTERFEDERATIVO MINAS GERAIS - CIMINAS,N,Minas Gerais,Araxá,CONSORCIO INTERFEDERATIVO MINAS GERAIS - CIMINAS,7
19769660000160,MUNICIPIO DE CONSELHEIRO PENA,M,Minas Gerais,Conselheiro Pena,Unidade Única,1
19875046000182,MUNICIPIO DE CORONEL FABRICIANO,M,Minas Gerais,Coronel Fabriciano,Unidade Única,1
19876424000142,MUNICIPIO DE IPATINGA,M,Minas Gerais,Ipatinga,Unidade Única,3
20356762000132,MUNICIPIO DE DESTERRO DE ENTRE RIOS,M,Minas Gerais,Desterro de Entre Rios,PREFEITURA MUNICIPAL DE DESTERRO DE ENTRE RIO,1
20362307000140,ASSOCIACAO DOS MUNICIPIOS DA MICRORREGIAO DO MEDIO SAPUCAI - AMESP,N,Minas Gerais,Pouso Alegre,AMESP,1
20622890000180,MUNICIPIO DE GOVERNADOR VALADARES,M,Minas Gerais,Governador Valadares,PREFEITURA MUNICIPAL DE GOVERNADOR VALADARES,1
20920567000193,MUNICIPIO DE BAMBUI,M,Minas Gerais,Bambuí,MUNICIPIO DE BAMBUÍ/MG,1
21022694000138,EMPRESA MUNICIPAL DE SERVICOS OBRAS E URBANIZACAO,N,Minas Gerais,Montes Claros,Empresa Municipal de Serviços Obras e Urbanização- ESURB,1
21078563000172,MUNICIPIO DE TUMIRITINGA,M,Minas Gerais,Tumiritinga,Unidade Única,1
21154174000189,MUNICIPIO DE CARBONITA,M,Minas Gerais,Carbonita,Unidade Única,1
21406451000101,CONSORCIO INTERMUNICIPAL MULTIFINALITARIO DA AMAG,N,Minas Gerais,Caxambu,Unidade Única,1
21512443000131,CONSORCIO INTERMUNICIPAL MULTIFINALITARIO DA MICRORREGIAO DO ALTO SAPUCAI - CIMASP,N,Minas Gerais,Itajubá,Unidade Única,2
22679153000140,MUNICIPIO DE SAO FRANCISCO,M,Minas Gerais,São Francisco,Departamento de Compras e Licitações São Francisco/MG,1
22855167000177,MUNICIPIO DE SAO MIGUEL DO GUAPORE,M,Rondônia,São Miguel do Guaporé,UNIDADE ADMINISTRATIVA,1
22981427000150,MUNICIPIO DE PACAJA,M,Pará,Pacajá,PREFEITURA MUNICIPAL DE PACAJA - PA,1
23098510000149,MUNICIPIO DE ARAPORA,M,Minas Gerais,Araporã,MUNICÍPIO DE ARAPORÃ/MG,1
23535271000147,SERVICO AUTONOMO DE AGUA E ESGOTO,M,Minas Gerais,Pirapora,Serviço Autônomo de Água e Esgoto de Pirapora,1
23773012000154,CONSORCIO INTERMUNICIPAL DE DESENVOLVIMENTO REGIONAL - CONDER,N,Santa Catarina,São Miguel do Oeste,Consorcio Intermunicipal de Desenvolvimento Regional - CONDER,1
23804149000129,MUNICIPIO DE PONTE NOVA,M,Minas Gerais,Ponte Nova,Unidade Única,1
24039073000155,FUNDACAO ESTATAL DE ATENCAO EM SAUDE DO ESTADO DO PARANA - FUNEAS-PARANA,E,Paraná,Curitiba,FUNEAS - Fundação Estatal de Atenção em Saúde do Estado do Paraná,2
24082879000126,FUNDO ESTADUAL DE SEGURANCA PUBLICA - FESP-AM,E,Amazonas,Manaus,FUNDO ESTADUAL DE SEGURANÃ‡A PÃšBLICA DO AMAZONAS,1
24334872000154,SERVICO AUTONOMO DE AGUA E ESGOTO,M,Minas Gerais,Sacramento,SERVICO AUTÔNOMO DE ÁGUA E ESGOTO DE SACRAMENTO/MG,1
24359333000170,MUNICIPIO DE SALINAS,M,Minas Gerais,Salinas,Prefeitura Municipal de Salinas,1
24772253000141,MUNICIPIO DE TAPURAH,M,Mato Grosso,Tapurah,PREFEITURA MUNICIPAL DE TAPURAH - MT,1
24950495000188,MUNICIPIO DE CAMPO VERDE,M,Mato Grosso,Campo Verde,MUNICÍPIO DE CAMPO VERDE/MT,1
24996845000147,"SERVICO AUTONOMO DE AGUA, ESGOTO E SANEAMENTO URBANO",M,Minas Gerais,Sete Lagoas,Licitações e Compras,1
25209149000106,MUNICIPIO DE JAIBA,M,Minas Gerais,Jaíba,Prefeitura Municipal de Jaiba - MG,1
25324187000100,MUNICIPIO DE TURMALINA,M,Minas Gerais,Turmalina,Unidade Única,1
25433004000194,"COMPANHIA OPERACIONAL DE DESENVOLVIMENTO, SANEAMENTO E ACOES URBANAS - CODAU.",M,Minas Gerais,Uberaba,"COMPANHIA OPERACIONAL DE DESENVOLVIMENTO, SANEAMENTO E AÇÕES URBANAS",2
25648387000118,UNIVERSIDADE FEDERAL DE UBERLANDIA,F,Minas Gerais,Uberlândia,FUNDACAO UNIVERSIDADE FEDERAL DE UBERLANDIA,1
25769548000121,DEPARTAMENTO MUNICIPAL DE AGUA E ESGOTO,M,Minas Gerais,Uberlândia,DEPARTAMENTO MUN.DE ÁGUA ESGOTO DE UBERLÂNDIA,2
25944455000196,UNIVERSIDADE FEDERAL DE VICOSA,F,Minas Gerais,Viçosa,UNIVERSIDADE FEDERAL DE VICOSA,3
25970260000110,MUNICIPIO DE VIRGINIA,M,Minas Gerais,Virgínia,Unidade Única,2
26388330000190,FUND CENTRO HEMATOLOGIA E HEMOTERAPIA DE MINAS GERAIS,E,Minas Gerais,Belo Horizonte,COMPRAS/HEMOMINAS,2
26461699000180,COMPANHIA NACIONAL DE ABASTECIMENTO,F,Distrito Federal,Brasília,COMPANHIA NACIONAL DE ABASTECIMENTO CONAB,1
26677304000181,UNIVERSIDADE ESTADUAL DA REGIAO TOCANTINA DO MARANHAO,E,Maranhão,Imperatriz,UNIVERSIDADE ESTADUAL DA REGIÃO TOCANTINA,1
27080563000193,ESPIRITO SANTO SECRETARIA DE ESTADO DA EDUCACAO,E,Espírito Santo,Vitória,SECRETARIA DE ESTADO DA EDUCAÇÃO,1
27080605000196,SECRETARIA DE ESTADO DA SAUDE,E,Espírito Santo,Vitória,EES-SECRETARIA DE ESTADO DA SAUDE,1
27167428000180,MUNICIPIO DE NOVA VENECIA,M,Espírito Santo,Nova Venécia,Prefeitura Municipal De Nova Venécia,1
27174093000127,MUNICIPIO DA SERRA,M,Espírito Santo,Serra,PREFEITURA MUNICIPAL DA SERRA,1
27174143000176,MUNICIPIO DE SAO GABRIEL DA PALHA,M,Espírito Santo,São Gabriel da Palha,PREFEITURA MUNICIPAL DE S.GABRIEL DA PALHA-ES,1
27273416000130,"INSTITUTO CAPIXABA DE PESQUISA, ASSISTENCIA TECNICA E EXTENSAO RURAL",E,Espírito Santo,Vitória,"INSTITUTO CAPIXABA DE PESQUISA, ASSISTÊNCIA TÉCNICA E EXTENSÃO RURAL",1
27470897000173,POLICIA CIVIL,E,Espírito Santo,Vitória,POLÍCIA CIVIL DO ESTADO DO ESPÍRITO SANTO,2
27834977000160,SERVICO AUTONOMO DE AGUA E ESGOTO DE LINHARES,M,Espírito Santo,Linhares,Serviço Autônomo de Água e Esgoto de Linhares,2
28305936000140,MINISTERIO PUBLICO DO ESTADO DO RIO DE JANEIRO,E,Rio de Janeiro,Rio de Janeiro,ERJ-MINISTÉRIO PUBLICO ESTADO RIO DE JANEIRO,1
28531762000133,MUNICIPIO DE ARARUAMA,M,Rio de Janeiro,Araruama,MUNICIPIO DE ARARUAMA - RJ ,1
28695658000184,MUNICIPIO DE BARRA MANSA,M,Rio de Janeiro,Barra Mansa,Barra Mansa,1
28741080000155,MUNICIPIO DE ITABORAI,M,Rio de Janeiro,Itaboraí,PREFEITURA MUNICIPAL DE ITABORAI - RJ,1
29112760000172,BOM JESUS DO ITABAPOANA PREFEITURA,M,Rio de Janeiro,Bom Jesus do Itabapoana,PREFEITURA MUNICIPAL BOM JESUS DO ITABAPOANA,2
29115466000114,MUNICIPIO DE CONCEICAO DE MACABU,M,Rio de Janeiro,Conceição de Macabu,SECRETARIA MUNICIPAL DE SEGURANÇA PÚBLICA E MOBILIDADE URBANA,2
29116902000170,MUNICIPIO DE SAO JOAO DA BARRA,M,Rio de Janeiro,São João da Barra,MUNICÍPIO DE SÃO JOÃO DA BARRA/RJ,1
29138294000102,MUNICIPIO DE PARACAMBI,M,Rio de Janeiro,Paracambi,PREFEITURA MUNICIPAL DE PARACAMBI,1
29138302000102,MUNICIPIO DE ITAGUAI,M,Rio de Janeiro,Itaguaí,Prefeitura Municipal de Itaguaí - RJ,1
29141322000132,MUNICIPIO DE PIRAI,M,Rio de Janeiro,Piraí,Piraí,1
29427465000105,UNIVERSIDADE FEDERAL RURAL DO RIO DE JANEIRO,F,Rio de Janeiro,Seropédica,MEC-UFRRJ-UNIV.FED.RURAL DO R.DE JANEIRO/RJ,1
29541968000107,NITEROI - EMPRESA DE LAZER E TURISMO S/A - NELTUR,N,Rio de Janeiro,Niterói,NITERÓI EMPRESA DE LAZER E TURISMO S/A - RJ,2
30350149000161,FUNDO MUNICIPAL DE EDUCACAO,M,Bahia,Capela do Alto Alegre,FUNDO MUNICIPAL DE EDUCAÇÃO DE CAPELA DO ALTO ALEGRE,1
30889175000162,SECRETARIA DE EDUCACAO,M,Pernambuco,Nazaré da Mata,FUNDO MUNICIPAL DE EDUCAÇÃO DE NAZARÉ DA MATA,1
32479123000143,UNIVERSIDADE FEDERAL DO ESPIRITO SANTO,F,Espírito Santo,Alegre,CENTRO DE CIÊNCIAS AGRÁRIAS DA UFES,1
32512501000143,MUNICIPIO DE VOLTA REDONDA,M,Rio de Janeiro,Volta Redonda,PREFEITURA MUNICIPAL DE VOLTA REDONDA-RJ,3
32893926000140,AGENCIA DE TECNOLOGIA DA INFORMACAO,E,Tocantins,Palmas,Agência de Tecnologia da Informação,1
33657248000189,BNDES,N,Rio de Janeiro,Rio de Janeiro,CRJ-BANCO NACIONAL DE DESEN. ECON. E SOCIAL,1
33781055000135,FUNDACAO OSWALDO CRUZ,F,Rio de Janeiro,Rio de Janeiro,FUNDACAO OSWALDO CRUZ/RJ,5
35576651000109,SUPERINTENDENCIA DE TRANSPORTES PUBLICOS,M,Paraíba,Campina Grande,SUPERINTENDÊNCIA DE TRANSITO E TRANSP PUBLIC,1
36350346000167,MUNICIPIO DE VILA PAVAO,M,Espírito Santo,Vila Pavão,PREFEITURA MUNICIPAL DE VILA PAVÃO,1
37115383000153,MINISTERIO DE MINAS E ENERGIA,F,Rio de Janeiro,Rio de Janeiro,INDUSTRIAS NUCLEARES DO BRASIL S/A,2
37115482000135,POLICIA CIVIL DO DISTRITO FEDERAL,D,Distrito Federal,Brasília,POLÍCIA CIVIL DO DISTRITO FEDERAL,1
37212719000104,MUNICIPIO DE NOVA ALVORADA DO SUL,M,Mato Grosso do Sul,Nova Alvorada do Sul,MUNICIPIO DE NOVA ALVORADA DO SUL,1
37464831000124,MUNICIPIO DE NOVA MARINGA,M,Mato Grosso,Nova Maringá,PREFEITURA MUNICIPAL DE NOVA MARINGA-MT,1
37465002000166,PREFEITURA MUNICIPAL DE QUERENCIA,M,Mato Grosso,Querência,PREFEITURA MUNICIPAL DE QUERÊNCIA/MT,1
39563911000162,FUNDO MUNICIPAL DE SAUDE PMVR SMS,M,Rio de Janeiro,Volta Redonda,FUNDO MUNICIPAL DE SAÚDE DE VOLTA REDONDA-RJ,1
42498600000171,ESTADO DO RIO DE JANEIRO,E,Rio de Janeiro,Rio de Janeiro,Secretaria de Estado de Policia Civil,2
42498733000148,MUNICIPIO DE RIO DE JANEIRO,M,Rio de Janeiro,Rio de Janeiro,MRJ-PREFEITURA MUNICIPAL DO RIO DE JANEIRO,1
42521088000137,INSTITUTO NACIONAL DA PROPRIEDADE INDUSTRIAL,F,Rio de Janeiro,Rio de Janeiro,MICT-INPI-INST.NAC.DA PROPR.INDUSTRIAL/RJ,1
43052497000102,DEPARTAMENTO DE ESTRADAS DE RODAGEM,E,São Paulo,Taubaté,ESP - DR.06 - TAUBATE,1
44215846000114,MUNICIPIO DE ARARAS,M,São Paulo,Araras,Departamento de Compras ,2
44239770000167,DEPARTAMENTO AUTONOMO DE AGUA E ESGOTO,M,São Paulo,Araraquara,ADMINISTRAÇÃO GERAL,1
44477909000100,MUNICIPIO DE MARILIA,M,São Paulo,Marília,PREFEITURA MUNICIPAL DE MARÍLIA,2
44482248000101,MUNICIPIO DE OCAUCU,M,São Paulo,Ocauçu,MUNICIPIO DE OCAUCU,1
44498988000136,MUNICIPIO DE BOCAINA,M,São Paulo,Bocaina,PREFEITURA MUNICIPAL,1
44531788000138,MUNICIPIO DE LINS,M,São Paulo,Lins,Prefeitura Municipal de Lins,1
44547313000130,MUNICIPIO DE QUATA,M,São Paulo,Quatá,PREFEITURA MUNICIPAL DE QUATA,1
44660272000193,MUNICIPIO DE CORDEIROPOLIS,M,São Paulo,Cordeirópolis,Prefeitura Municipal de Cordeirópolis - SP,1
44723674000190,MUNICIPIO DE CAPIVARI,M,São Paulo,Capivari,PREFEITURA MUNICIPAL DE CAPIVARI - SP,2
44723757000189,MUNICIPIO DE RAFARD,M,São Paulo,Rafard,DIRETORIA DE SAÚDE ,1
44733608000109,MUNICIPIO DE INDAIATUBA,M,São Paulo,Indaiatuba,Indaiatuba,1
44763928000101,MUNICIPIO DE MOCOCA,M,São Paulo,Mococa,Prefeitura Municipal de Mococa,1
44847663000111,MUNICIPIO DE SERRA NEGRA,M,São Paulo,Serra Negra,MSP-PREFEITURA MUNICIPAL DE SERRA NEGRA,1
44927267000102,MUNICIPIO DE PACAEMBU,M,São Paulo,Pacaembu,FUNDO MUNICIPAL DE SAÚDE,1
44937365000112,MUNICIPIO DE MIRANTE DO PARANAPANEMA,M,São Paulo,Mirante do Paranapanema,Unidade Única,1
45089885000185,MUNICIPIO DE ELDORADO,M,São Paulo,Eldorado,Prefeitura Municipal de Eldorado - SP,1
45115391000128,MUNICIPIO DE GUARANI D'OESTE,M,São Paulo,Guarani d'Oeste,MUNICIPIO DE GUARANI D'OESTE,1
45116712000109,MUNICIPIO DE SAO JOAO DAS DUAS PONTES,M,São Paulo,São João das Duas Pontes,PREFEITURA MUNICIPAL DE  SAO JOAO DAS DUAS PONTES,1
45122942000180,MUNICIPIO DE PINDORAMA,M,São Paulo,Pindorama,PREFEITURA MUNICIPAL,1
45129177000120,CONSORCIO INTERMUNICIPAL MULTIFINALITARIO DOS MUNICIPIOS DA AMNAP - CIM AMNAP,N,São Paulo,Adamantina,CONSORCIO INTER.MULT.DOS MUNIC. DA AMNAP-CIM AMNAP,1
45132495000140,MUNICIPIO DE LIMEIRA,M,São Paulo,Limeira,PREFEITURA MUNICIPAL DE LIMEIRA,1
45152139000199,MUNICIPIO DE NOVO HORIZONTE,M,São Paulo,Novo Horizonte,Novo Horizonte,1
45176005000108,MUNICIPIO DE TAUBATE,M,São Paulo,Taubaté,Prefeitura Municipal de Taubaté,2
45189305000121,MUNICIPIO DE CACAPAVA,M,São Paulo,Caçapava,Município de Caçapava,5
45226214000119,MUNICIPIO DE PINDAMONHANGABA,M,São Paulo,Pindamonhangaba,PR 15,1
45227337000174,MUNICIPIO DE CAJURU,M,São Paulo,Cajuru,Prefeitura Municipal de Cajuru - SP,1
45279635000108,MUNICIPIO DE ATIBAIA,M,São Paulo,Atibaia,Prefeitura Municipal da Estância de Atibaia,1
45301652000102,MUNICIPIO DE BRODOWSKI,M,São Paulo,Brodowski,PREFEITURA MUNICIPAL DE BRODOWSKI,1
45302130000117,MUNICIPIO DE SANTO ANTONIO DA ALEGRIA,M,São Paulo,Santo Antônio da Alegria,Unidade Única,1
45307980000108,MUNICIPIO DE CRISTAIS PAULISTA,M,São Paulo,Cristais Paulista,ADMINISTRAÇÃO DO GABINETE,1
45323474000102,MUNICIPIO DE ARAMINA,M,São Paulo,Aramina,PREFEITURA MUNICIPAL DE ARAMINA,1
45332095000189,MUNICIPIO DE MOGI-MIRIM,M,São Paulo,Mogi Mirim,PREFEITURA MUNICIPAL DE MOJI-MIRIM - SP,2
45352267000186,MUNICIPIO DE PONTAL,M,São Paulo,Pontal,PREFEITURA MUNICIPAL DE PONTAL - SP,1
45353315000150,MUNICIPIO DE JERIQUARA,M,São Paulo,Jeriquara,MUNICÍPIO DE JERIQUARA/SP,1
45355575000165,MUNICIPIO DE IBATE,M,São Paulo,Ibaté,Prefeitura Municipal de Ibaté,2
45371820000128,MUNICIPIO DE SERTAOZINHO,M,São Paulo,Sertãozinho,PREFEITURA MUNICIPAL DE SERTÃOZINHO - SP,2
45417018000121,SECRETARIA MUNICIPAL DE SEGURANCA PUBLICA E DEFESA SOCIAL,M,Amazonas,Manaus,Secretaria Municipal de Segurança Pública e Defesa Social,1
45479391000107,SERVICO AUTONOMO DE AGUA E ESGOTO DE PORTO FELIZ,M,São Paulo,Porto Feliz,SAAE,1
45509650000103,SERVICO AUTONOMO MUNICIPAL DE AGUA E ESGOTO,M,São Paulo,Tietê,SAMAE SERVIÇO AUTÔNOMO MUNICIPAL DE ÁGUA E ESGOTO,1
45693777000702,URBANIZADORA MUNICIPAL SA URBAM,N,São Paulo,São José dos Campos,URBANIZADORA MUNICIPAL S/A DE SÃO JOSE CAMPOS,1
45728326000178,MUNICIPIO DE GUAPIACU,M,São Paulo,Guapiaçu,PREFEITURA MUNICIPAL,1
45751435000106,MUNICIPIO DE PAULINIA,M,São Paulo,Paulínia,MUNICIPIO DE PAULINIA,1
45780061000157,MUNICIPIO DE ITUPEVA,M,São Paulo,Itupeva,Itupeva,1
45780079000159,MUNICIPIO DE JARINU,M,São Paulo,Jarinu,Prefeitura Municipal de Jarinu,1
45781176000166,MUNICIPIO DE AMERICANA,M,São Paulo,Americana,PREFEITURA MUNICIPAL DE AMERICANA,2
45786159000111,MUNICIPIO DE IRACEMAPOLIS,M,São Paulo,Iracemápolis,Prefeitura Municipal de Iracemápolis,1
45787652000156,MUNICIPIO DE MONTE MOR,M,São Paulo,Monte Mor,Prefeitura Municipal de Monte Mor - SP,2
45787660000100,MUNICIPIO DE SUMARE,M,São Paulo,Sumaré,"SECRETARIA MUNICIPAL DE INCLUSÃO, ASSISTÊNCIA E DESENVOLVIMENTO SOCIAL",1
45944428000120,MUNICIPIO DE MAIRINQUE,M,São Paulo,Mairinque,Prefeitura Municipal de Mairinque,1
46068425000133,UNIVERSIDADE ESTADUAL DE CAMPINAS,E,São Paulo,Campinas,ESP-UNIVERSIDADE ESTADUAL DE CAMPINAS,1
46119855000137,SOCIEDADE DE ABASTECIMENTO DE AGUA E SANEAMENTO S/,N,São Paulo,Campinas,SANASA,2
46137410000180,MUNICIPIO DE BAURU,M,São Paulo,Bauru,PREFEITURA MUNICIPAL DE BAURU/SP,3
46137444000174,MUNICIPIO DE AGUDOS,M,São Paulo,Agudos,Prefeitura Municipal de Agudos,2
46156477000161,MUNICIPIO DE COROADOS,M,São Paulo,Coroados,PREFEITURA MUNICIPAL DE COROADOS,1
46177523000109,MUNICIPIO DE SAO VICENTE,M,São Paulo,São Vicente,São Vicente,1
46189734000161,MUNICIPIO DE BORACEIA,M,São Paulo,Boracéia,PREFEITURA MUNICIPAL DE BORACÉIA - SP,1
46199253000137,MUNICIPIO DE MINEIROS DO TIETE,M,São Paulo,Mineiros do Tietê,PREFEITURA MUNICIPAL DE MINEIROS DO TIETÊ - SP,1
46200846000176,MUNICIPIO DE LENCOIS PAULISTA,M,São Paulo,Lençóis Paulista,PREFEITURA MUNICIPAL DE LENÇÓIS PAULISTA - SP,1
46200853000178,MUNICIPIO DE MACATUBA,M,São Paulo,Macatuba,PREFEITURA MUNICIPAL DE MACATUBA - SP,1
46223749000107,MUNICIPIO DE MANDURI,M,São Paulo,Manduri,PREFEITURA MUNICIPAL DE MANDURI - SP,1
46248837000155,MUNICIPIO DE VARGEM GRANDE DO SUL,M,São Paulo,Vargem Grande do Sul,Prefeitura Municipal de Vargem Grande do Sul,1
46319000000150,MUNICIPIO DE GUARULHOS,M,São Paulo,Guarulhos,PREFEITURA MUNICIPAL DE GUARULHOS - SP,1
46363933000144,MUNICIPIO DE LOUVEIRA,M,São Paulo,Louveira,Louveira,1
46374500000194,SECRETARIA DE ESTADO DA SAUDE,E,São Paulo,São Paulo,ESP-COORD. GERAL ADMINIST. - CGA,10
46377800000127,SAO PAULO SECRETARIA DA SEGURANCA PUBLICA,E,São Paulo,São Paulo,ESP-CENTRO DE MOTOMECANIZACAO - CMM,3
46384111000140,SAO PAULO SECRETARIA DA EDUCACAO,E,São Paulo,Adamantina,ESP-DIR.ENS.-REG.ADAMANTINA,4
46392130000118,SECRETARIA MUNICIPAL DA FAZENDA,M,São Paulo,São Paulo,PMSP - SECRETARIA MUNICIPAL DA FAZENDA,1
46422408000152,MUNICIPIO DE SANTA BARBARA D'OESTE,M,São Paulo,Santa Bárbara d'Oeste,PREFEITURA MUNICIPAL DE SANTA BARBARA D'OESTE,2
46444063000138,MUNICIPIO DE SOCORRO,M,São Paulo,Socorro,Socorro,1
46446696000185,MUNICIPIO DE VINHEDO,M,São Paulo,Vinhedo,Prefeitura Municipal de Vinhedo,1
46482832000192,MUNICIPIO DE SAO SEBASTIAO,M,São Paulo,São Sebastião,PREFEITURA MUNICIPAL,1
46482857000196,MUNICIPIO DE UBATUBA,M,São Paulo,Ubatuba,Prefeitura Municipal de Ubatuba,1
46522975000180,MUNICIPIO DE RIO GRANDE DA SERRA,M,São Paulo,Rio Grande da Serra,Municipio De Rio Grande Da Serra,1
46522983000127,MUNICIPIO DE SANTANA DE PARNAIBA,M,São Paulo,Santana de Parnaíba,Secretaria Municipal de Compras e Licitações,2
46523031000128,MUNICIPIO DE ITAPEVI,M,São Paulo,Itapevi,Itapevi,2
46523056000121,MUNICIPIO DE SUZANO,M,São Paulo,Suzano,PREFEITURA MUNICIPAL DE SUZANO - SP,1
46523080000160,MUNICIPIO DE FRANCO DA ROCHA,M,São Paulo,Franco da Rocha,Prefeitura Municipal de Franco da Rocha,1
46523122000163,MUNICIPIO DE TABOAO DA SERRA,M,São Paulo,Taboão da Serra,Prefeitura Municipal de Taboão da Serra - SP,1
46523130000100,MUNICIPIO DE ITAPECERICA DA SERRA,M,São Paulo,Itapecerica da Serra,Itapecerica da Serra,2
46585964000140,MUNICIPIO DE JUQUIA,M,São Paulo,Juquiá,Juquiá,1
46588950000180,MUNICIPIO DE SAO JOSE DO RIO PRETO,M,São Paulo,São José do Rio Preto,PREFEITURA MUNICIPAL DE SAO JOSE DO RIO PRETO,1
46596151000155,MUNICIPIO DA ESTANCIA TURISTICA DE OLIMPIA,M,São Paulo,Olímpia,PREFEITURA MUNICIPAL DA ESTÂNCIA TURÍSTICA DE OLÍMPIA,2
46599809000182,MUNICIPIO DE VOTUPORANGA,M,São Paulo,Votuporanga,PREFEITURA DO MUNICÍPIO DE VOTUPORANGA,3
46613196000190,MUNICIPIO DE SALES,M,São Paulo,Sales,PREFEITURA MUNICIPAL DE SALES,1
46634044000174,MUNICIPIO DE SOROCABA,M,São Paulo,Sorocaba,Prefeitura Municipal de Sorocaba,1
46634077000114,MUNICIPIO DE CAPELA DO ALTO,M,São Paulo,Capela do Alto,Capela do Alto,1
46634127000163,MUNICIPIO DE ITATINGA,M,São Paulo,Itatinga,ITATINGA,1
46634135000100,MUNICIPIO DE ANHEMBI,M,São Paulo,Anhembi,Unidade Única,1
46634150000158,MUNICIPIO DE PARDINHO,M,São Paulo,Pardinho,PREFEITURA MUNICIPAL,1
46634184000142,MUNICIPIO DE CERQUEIRA CESAR,M,São Paulo,Cerqueira César,Cerqueira César,1
46634259000195,MUNICIPIO DE CAPAO BONITO,M,São Paulo,Capão Bonito,SEC. MUN. DE AGROPEC. OBRAS E MEIO AMBIENTE,1
46634291000170,MUNICIPIO DE ITAPETININGA,M,São Paulo,Itapetininga,SECRETARIA MUNICIPAL DE EDUCACAO ,1
46634416000162,MUNICIPIO DE RIVERSUL,M,São Paulo,Riversul,PREFEITURA MUNICIPAL DE RIVERSUL - SP,1
46634572000123,MUNICIPIO DE CESARIO LANGE,M,São Paulo,Cesário Lange,PREFEITURA MUNICIPAL DE CESARIO LANGE - SP,1
46634580000170,MUNICIPIO DE PORANGABA,M,São Paulo,Porangaba,PREFEITURA MUNICIPAL DE PORANGABA - SP,1
46638714000120,MUNICIPIO DE TREMEMBE,M,São Paulo,Tremembé,Tremembé,1
46643466000106,MUNICIPIO DE SAO JOSE DOS CAMPOS,M,São Paulo,São José dos Campos,SECRETARIA DE GESTAO ADMINISTRATIVA E FINANCAS,1
46668596000101,MUNICIPIO DE CRUZEIRO,M,São Paulo,Cruzeiro,Cruzeiro,1
46680518000114,MUNICIPIO DE APARECIDA,M,São Paulo,Aparecida,GERAL,1
46853800000156,DEPARTAMENTO DE AGUAS E ENERGIA ELETRICA,E,São Paulo,São Paulo,ESP-DEP. DE AGUAS E ENERGIA ELETRICA-DAE,1
46965083000154,SERVICO DE AGUA E ESGOTO DE PIRASSUNUNGA,M,São Paulo,Pirassununga,SERVICO AGUA E ESGOTO PIRASSUNUNGA,1
47173729000123,SECRETARIA DE ESPORTES,E,São Paulo,São Paulo,ESP-GABINETE DO SECRETARIO SEC. ESPORTES,1
47842836000105,MUNICIPIO DE FERNANDOPOLIS,M,São Paulo,Fernandópolis,PREFEITURA MUNICIPAL DE FERNANDOPOLIS - SP,2
48031918000124,UNIVERSIDADE ESTADUAL PAULISTA JULIO DE MESQUITA FILHO,E,São Paulo,São José dos Campos,ESP-UNESP-INST.CIEN.TECNOLOG.-C.S.J.CAMPOS,3
48468284000171,MUNICIPIO DE GUARARAPES,M,São Paulo,Guararapes,PREFEITURA MUNICIPAL DE GUARARAPES,1
48813638000178,MUNICIPIO DE REGENTE FEIJO,M,São Paulo,Regente Feijó,Unidade Única,2
48962625000160,SAAE SERVICO AUTONOMO DE AGUA E ESGOTO DE JACAREI,M,São Paulo,Jacareí,SERVIÇO AUTONOMO AGUA E ESGOTO EM JACAREI,1
49979255000137,MUNICIPIO DE ITAPOLIS,M,São Paulo,Itápolis,PREFEITURA MUNICIPAL DE ITÁPOLIS - SP,1
50062751000100,SERVICO AUTONOMO DE AGUA E ESGOTO DE CAPIVARI,M,São Paulo,Capivari,SERVIÇO AUTÔNOMO DE ÁGUA E ESGOTO - SAAE,1
50122571000177,MUNICIPIO DE ITATIBA,M,São Paulo,Itatiba,Itatiba,1
50387844000105,MUNICIPIO DE JABOTICABAL,M,São Paulo,Jaboticabal,PREFEITURA MUNICIPAL DE JABOTICABAL,1
50520121000132,CAMARA MUNICIPAL DE OSASCO,M,São Paulo,Osasco,CAMARA MUNICIPAL DE OSASCO - SP,1
50804079000181,CAMARA MUNICIPAL DA ESTANCIA TURISTICA DE SAO ROQUE,M,São Paulo,São Roque,CAMARA MUNIC EST.TURIST SAO ROQUE,1
51501484000193,CONSORCIO INTERMUNICIPAL DO VALE DO PARANAPANEMA,N,São Paulo,Assis,CONSORCIO INTERM DO VALE DO PARANAPANEMA,1
52356268000245,CONDERG - CONS. DE DESENV. - HOSPITAL DIVINOLÂNDIA,M,São Paulo,Divinolândia,CONSÓRCIO DE DESENVOLVIMENTO DA REGIÃO DE GOVERNO DE SÃO JOÃO DA BOA VISTA,1
52879780000195,MUNICIPIO DE SEBASTIANOPOLIS DO SUL,M,São Paulo,Sebastianópolis do Sul,MUNICIPIO DE SEBASTIANOPOLIS DO SUL,1
54715094000104,FUNDACAO CARMELIA MARIA DE SOUZA DE CULTURA E COMUNICACAO PUBLICA,E,Espírito Santo,Vitória,CES-FUNDAÇÃO C M S CULT E COMUNICAÇÃO PÚBLICA,1
54801121000161,MUNICIPIO DE PIRAPOZINHO,M,São Paulo,Pirapozinho,PREFEITURA MUNICIPAL DE PIRAPOZINHO - SP,1
55251185000107,MUNICIPIO DE PRESIDENTE BERNARDES,M,São Paulo,Presidente Bernardes,PREFEITURA MUNICIPAL,1
55293427000117,MUNICIPIO DE PRESIDENTE EPITACIO,M,São Paulo,Presidente Epitácio,PREFEITURA MUNICIPAL,1
55356653000108,MUNICIPIO DE PRESIDENTE PRUDENTE,M,São Paulo,Presidente Prudente,Unidade Única,1
56023443000152,HOSPITAL DAS CLINICAS DA FACULDADE DE MEDICINA DE RPUSP,E,São Paulo,Ribeirão Preto,ESP-HOSPITAL DAS CLINICAS RIBEIRAO PRETO,1
56024581000156,MUNICIPIO DE RIBEIRAO PRETO,M,São Paulo,Ribeirão Preto,PREFEITURA MUNICIPAL DE RIBEIRAO PRETO - SP,2
56089790000188,SECRETARIA DE INFRAESTRUTURA E MEIO AMBIENTE,E,São Paulo,São Paulo,ESP-COORD. DE FISCALIZACAO E BIODIVERSIDADE,1
57252971000146,SECRETARIA DE ESTADO DE SAUDE DE MATO GROSSO - SES,E,Mato Grosso,Cuiabá,SECRETARIA DE ESTADO DE SAÚDE,1
59952259000185,ASSEMBLEIA LEGISLATIVA DO ESTADO DE SAO PAULO,E,São Paulo,São Paulo,ASSEMBLEIA LEGISLATIVA DO EST. SÃO PAULO,1
60448040000122,HOSPITAL DAS CLINICAS DA FACULDADE DE MEDICINA DA U S P,E,São Paulo,São Paulo,ESP-HOSPITAL DAS CLINICAS DE SAO PAULO,2
60453032000174,UNIVERSIDADE FEDERAL DE SAO PAULO,F,São Paulo,São Paulo,MEC-UNIVERSIDADE FEDERAL DE SAO PAULO/SP,1
60747318000162,INSTITUTO DE ASSISTENCIA MEDICA AO SERVIDOR PUBLICO ESTADUAL,E,São Paulo,São Paulo,ESP-INST. ASSIST. MEDICA SERV. PUB. ESTADUAL,2
62070362000106,(UO) ESP-CIA.DO METROPOLIT DE SAO PAULO-METRO,E,São Paulo,São Paulo,ESP-CIA. METROPOLITANA DE SAO PAULO-METRO,2
63025530000104,UNIVERSIDADE DE SAO PAULO,E,São Paulo,São Paulo,ESP-HOSPITAL UNIVERSITÁRIO - USP,10
63084727000114,MORPARA CAMARA MUNICIPAL,M,Bahia,Morpará,CÂMARA MUNICIPAL DE MORPARÁ - BA ,1
63678320000115,FUNDACAO HOSPITALAR DE HEMATOLOGIA E HEMOTERAPIA DO AMAZONAS,E,Amazonas,Manaus,FUNDAÃ‡ÃƒO DE HEMATOLOGIA E HEMOTERAPIA DO AMAZONAS,1
63762025000142,MUNICIPIO DE ALTO PARAISO,M,Rondônia,Alto Paraíso,MUNICÍPIO DE ALTO PARAÍSO/RO,1
63762058000192,MUNICIPIO DE CACAULANDIA,M,Rondônia,Cacaulândia,MUNICÍPIO DE CACAULÂNDIA/RO,1
64037815000128,MUNICIPIO DE CAJATI,M,São Paulo,Cajati,SECRETARIA MUNICIPAL DE SAÚDE/FUNDO MUNICIPAL DE SAÚDE,1
65708786000141,MUNICIPIO DE UBARANA,M,São Paulo,Ubarana,PREFEITURA MUNICIPAL DE UBARANA,1
65712002000159,MUNICIPIO DE ASPASIA,M,São Paulo,Aspásia,PREFEITURA MUNICIPAL DE ASPÁSIA - SP,1
66229584000180,MUNICIPIO DE SANTA RITA DE MINAS,M,Minas Gerais,Santa Rita de Minas,PREFEITURA MUNICIPAL DE SANTA RITA DE MINAS,1
68596162000178,INSTITUTO AGUA E TERRA,E,Paraná,Curitiba,IAT - Instituto Água e Terra (Antigo IAP),1
68949894000102,FUNDO MUNICIPAL DE MOBILIDADE URBANA E SEGURANCA VIARIA DO MUNICIPIO DE MORRINHOS-GO,M,Goiás,Morrinhos, FUNDO MUNICIPAL DE SEGURANÇA E MOBILIDADE URBANA,1
69902112000134,FUNDO MUNICIPAL DE SAUDE - FMS,M,Pernambuco,Vertente do Lério,Fundo Municipal de Saúde Vertente do Lério,1
70946009000175,MUNICIPIO DE SAO ROQUE,M,São Paulo,São Roque,PREFEITURA MUNICIPAL DE SÃO ROQUE,1
71584833000195,PROCURADORIA GERAL DO ESTADO,E,São Paulo,São Paulo,ESP-FED-PROCURADORIA GERAL DO EST-FUNPROGESP,1
71989685000199,MUNICIPIO DE TABATINGA,M,São Paulo,Tabatinga,PREFEITURA MUNICIPAL DE TABATINGA,1
72962806000171,"SUPERINTENDENCIA DE AGUA, ESGOTOS E MEIO AMBIENTE DE VOTUPORANGA",M,São Paulo,Votuporanga,"SUPERINTENDÊNCIA DE ÁGUA, ESGOTOS E MEIO AMBIENTE DE VOTUPORANGA - SP",2
75095679000149,UNIVERSIDADE FEDERAL DO PARANA,F,Paraná,Curitiba,UNIVERSIDADE FEDERAL DO PARANA,1
75101873000190,UNIVERSIDADE TECNOLOGICA FEDERAL DO PARANA,F,Paraná,Curitiba,UNIVERSIDADE TECNOLÓGICA FEDERAL DO PARANÁ,3
75132860000188,MUNICIPIO DE ALVORADA DO SUL,M,Paraná,Alvorada do Sul,PREFEITURA MUNICIPAL DE ALVORADA DO SUL - PR,1
75370148000117,MUNICIPIO DE PEABIRU,M,Paraná,Peabiru,Unidade administrativa,1
75442756000190,MUNICIPIO DE CAMBARA,M,Paraná,Cambará,UNIDADE ADMINISTRATIVA,1
75443812000100,MUNICIPIO DE GUAPIRAMA,M,Paraná,Guapirama,PREFEITURA MUNICIPAL,1
75483230000158,MUNICIPIO DE SANTO ANTONIO DO CAIUA,M,Paraná,Santo Antônio do Caiuá,PREFEITURA MUNICIPAL STO. ANTONIO DO CAIUA-PR,1
75587204000170,MUNICIPIO DE TERRA ROXA,M,Paraná,Terra Roxa,PREFEITURA MUN. DE TERRA ROXA - PR,2
75636530000120,MUNICIPIO DE VERE,M,Paraná,Verê,Prefeitura Municipal de Verê,1
75687681000107,MUNICIPIO DE GENERAL CARNEIRO,M,Paraná,General Carneiro,PREFEITURA MUNICIPAL DE GENERAL CARNEIRO - PR,1
75771253000168,MUNICIPIO DE APUCARANA,M,Paraná,Apucarana,PREFEITURA MUNICIPAL DE APUCARANA/PR,2
75771477000170,MUNICIPIO DE LONDRINA,M,Paraná,Londrina,PREFEITURA MUNICIPAL DE LONDRINA - PR,1
75845537000151,MUNICIPIO DE GUARACI,M,Paraná,Guaraci,UNIDADE ADMINISTRATIVA,1
75967760000171,MUNICIPIO DE UNIAO DA VITORIA,M,Paraná,União da Vitória,MPR-PREFEITURA MUNICIPAL DE UNIAO DA VITORIA,1
75969667000104,MUNICIPIO DE JABOTI,M,Paraná,Jaboti,PREFEITURA MUNICIPAL DE JABOTI - PR,1
75969881000152,MUNICIPIO DE JAPIRA,M,Paraná,Japira,PREFEITURA MUNICIPAL DE JAPIRA - PR,1
76002641000147,MUNICIPIO DE RIO NEGRO,M,Paraná,Rio Negro,PREFEITURA MUNICIPAL DE RIO NEGRO/PR,1
76017466000161,MUNICIPIO DE MATINHOS,M,Paraná,Matinhos,Gabinete do Secretário,1
76020452000105,MUNICIPIO DA LAPA,M,Paraná,Lapa,PREFEITURA MUNICIPAL DA LAPA - PR,3
76022508000152,MUNICIPIO DE GUARAQUECABA,M,Paraná,Guaraqueçaba,Prefeitura Municipal de Guaraqueçaba - PR,1
76105535000199,MUNICIPIO DE ARAUCARIA,M,Paraná,Araucária,MPR-PREFEITURA MUNICIPAL DE ARAUCÁRIA,1
76105550000137,MUNICIPIO DE MANDIRITUBA,M,Paraná,Mandirituba,PREFEITURA MUNICIPAL DE MANDIRITUBA - PR,1
76105576000185,MUNICIPIO DE RIO BRANCO DO SUL,M,Paraná,Rio Branco do Sul,FUNDO MUNICIPAL DE SAÚDE,1
76105600000186,MUNICIPIO DE CAMPINA GRANDE DO SUL,M,Paraná,Campina Grande do Sul,Prefeitura Municipal de Campina Grande do Sul - PR,2
76105634000170,MUNICIPIO DE COLOMBO,M,Paraná,Colombo,Departamento de Controle e Conservação de Patrimônio,1
76169879000161,MUNICIPIO DE RESERVA,M,Paraná,Reserva,DEPARTAMENTO DE SAUDE,1
76179837000101,MUNICIPIO DE PORTO AMAZONAS,M,Paraná,Porto Amazonas,FUNDO MUNICIPAL DE SAÚDE,1
76205707000104,MUNICIPIO DE SALTO DO LONTRA,M,Paraná,Salto do Lontra,PREFEITURA MUNICIPAL DE SALTO DO LONTRA - PR,1
76205715000142,MUNICIPIO DE SANTA IZABEL DO OESTE,M,Paraná,Santa Izabel do Oeste,PREF.MUN. DE SANTA IZABEL DO OESTE - PR,2
76205806000188,MUNICIPIO DE TOLEDO,M,Paraná,Toledo,GAB DA SECRETARIA DE INFRAESTRUTURA RURAL E URBANA E DE SERVICOS,1
76205814000124,MUNICIPIO DE MARECHAL CANDIDO RONDON,M,Paraná,Marechal Cândido Rondon,PREFEITURA MUNUNICIPAL MAR.CANDIDO RONDOM,2
76205970000195,MUNICIPIO DE LARANJEIRAS DO SUL,M,Paraná,Laranjeiras do Sul,SECRETARIA DE ASSISTENCIA SOCIAL E SEGURANCA DA FAMILIA,1
76206465000165,MUNICIPIO DE MATELANDIA,M,Paraná,Matelândia,Municipio de Matelandia,2
76208487000164,MUNICIPIO DE PALOTINA,M,Paraná,Palotina,Unidade administrativa,1
76208867000107,MUNICIPIO DE CASCAVEL,M,Paraná,Cascavel,PREFEITURA MUNICIPAL DE CASCAVEL - PR,1
76235746000146,MUNICIPIO DE SANTA AMELIA,M,Paraná,Santa Amélia,PREFEITURA MUNICIPAL DE SANTA AMÉLIA - PR,1
76238435000130,MUNICIPIO DE SAO JOAO DO CAIUA,M,Paraná,São João do Caiuá,Unidade administrativa,1
76244961000103,MUNICIPIO DE IBIPORA,M,Paraná,Ibiporã,UNIDADE ADMINISTRATIVA,1
76282656000106,MUNICIPIO DE MARINGA,M,Paraná,Maringá,PREFEITURA MUNICIPAL DE MARINGA - PR,3
76282664000152,MUNICIPIO DE PAICANDU,M,Paraná,Paiçandu,MUNICIPIO DE PAICANDU,1
76285329000108,MUNICIPIO DE MANDAGUACU,M,Paraná,Mandaguaçu,PREFEITURA MUNICIPAL DE MANDAGUAÇU - PR,1
76285345000109,MUNICIPIO DE MANDAGUARI,M,Paraná,Mandaguari,PREFEITURA MUNICIPAL DE MANDAGUARÍ - PR,3
76288760000108,MUNICIPIO DE ROLANDIA,M,Paraná,Rolândia,Prefeitura Municipal de Rolândia - PR,1
76309806000128,MUNICIPIO DE CIANORTE,M,Paraná,Cianorte,Unidade administrativa,1
76331941000170,MUNICIPIO DE CORNELIO PROCOPIO,M,Paraná,Cornélio Procópio,Prefeitura Municipal de Cornélio Procópio,1
76381854000127,MUNICIPIO DE CRUZEIRO DO OESTE,M,Paraná,Cruzeiro do Oeste,PREFEITURA MUNICIPAL DE CRUZEIRO DO OESTE - PR,1
76402882000183,MUNICIPIO DE JANIOPOLIS,M,Paraná,Janiópolis,PREFEITURA MUNICIPAL DE JANIOPOLIS - PR,2
76484013000145,COMPANHIA DE SANEAMENTO DO PARANA SANEPAR,N,Paraná,Curitiba,SEDE,5
76878669000142,SERVICO AUTONOMO DE AGUA E ESGOTO,M,Paraná,Marechal Cândido Rondon,SAAE - Serviço Autônomo de Água e Esgoto,1
76910900000138,MUNICIPIO DE JAGUARIAIVA,M,Paraná,Jaguariaíva,PREFEITURA MUNICIPAL DE JAGUARIAÍVA - PR,1
76958966000106,MUNICIPIO DE ARAPONGAS,M,Paraná,Arapongas,MPR-PREFEITURA MUNICIPAL DE ARAPONGAS,1
76966860000146,MUNICIPIO DE JACAREZINHO,M,Paraná,Jacarezinho,MPR-PREFEITURA MUNICIPAL DE JACAREZINHO,2
76968627000100,MUNICIPIO DE SANTO ANTONIO DA PLATINA,M,Paraná,Santo Antônio da Platina,Departamento Municipal de Saúde,1
76995422000106,MUNICIPIO DE SAO JOAO,M,Paraná,São João,Div. de Adm. da Saude,1
76995455000156,MUNICIPIO DE CORONEL VIVIDA,M,Paraná,Coronel Vivida,PREFEITURA MUNICIPAL,1
77071579000108,SECRETARIA DE ESTADO DA ADMINISTRACAO E DA PREVIDENCIA - SEAP,E,Paraná,Curitiba,SECRETARIA DE ESTADO DA ADMINISTRAÇAO PREV.,5
77356665000167,MUNICIPIO DE FRANCISCO ALVES,M,Paraná,Francisco Alves,Unidade administrativa,1
77816510000166,MUNICIPIO DE FRANCISCO BELTRAO,M,Paraná,Francisco Beltrão,MPR-PEFEITURA MUNICIPAL DE FRANCISCO BELTRÃO,2
77964393000188,TECPAR,N,Paraná,Curitiba,EPR-INSTITUTO DE TECNOLOGIA DO PARANA,1
78200482000110,MUNICIPIO DE SARANDI,M,Paraná,Sarandi,MPR-PREFEITURA MUNICIPAL DE SARANDI,1
78279973000107,MUNICIPIO DE TURVO,M,Paraná,Turvo,PREFEITURA MUNICIPAL DE TURVO - PR,1
78279981000145,MUNICIPIO DE CANTAGALO,M,Paraná,Cantagalo,Prefeitura Municipal de Cantagalo - PR,1
78680337000770,UNIVERSIDADE ESTADUAL DO OESTE DO PARANA,E,Paraná,Cascavel,UNIVERSIDADE EST OESTE DO PARANA (REITORIA),2
79151312000156,UNIVERSIDADE ESTADUAL DE MARINGA,E,Paraná,Maringá,UNIVERSIDADE ESTADUAL DE MARINGA - PR,2
80059918000145,FUNDACAO MUNICIPAL DE SAUDE PUBLICA DE PAULO FRONTIN,M,Paraná,Paulo Frontin,FUNDACAO MUNICIPAL DE SAUDE PUBLICA DE PAULO FRONTIN,1
82508433000117,COMPANHIA CATARINENSE DE AGUAS E SANEAMENTO CASAN,N,Santa Catarina,Florianópolis,CASAN,1
82558909000124,MUNICIPIO DE LAURO MULLER,M,Santa Catarina,Lauro Müller,MUNICÍPIO DE LAURO MULLER,1
82777301000190,MUNICIPIO DE LAGES,M,Santa Catarina,Lages,PREFEITURA MUNICIPAL DE LAGES - SC,1
82821208000136,MUNICIPIO DE ITAPIRANGA,M,Santa Catarina,Itapiranga,Departamento de Compras e Licitações,1
82892274000105,MUNICIPIO DE SAO JOSE,M,Santa Catarina,São José,FMS -  Fundo Municipal de Saúde,1
82916818000113,MUNICIPIO DE CRICIUMA,M,Santa Catarina,Criciúma,PREFEITURA MUNICIPAL DE CRICIÚMA - SC,1
82926536000105,MUNICIPIO DE SAO LUDGERO,M,Santa Catarina,São Ludgero,MUNICÍPIO DE SÃO LUDGERO,1
82926569000147,MUNICIPIO DE GRAVATAL,M,Santa Catarina,Gravatal,SECRETARIA MUNICIPAL DE INFRA ESTRUTURA,1
82939448000130,MUNICIPIO DE IBICARE,M,Santa Catarina,Ibicaré,Fundo Municipal de Saúde,2
82939455000131,MUNICIPIO DE IRANI,M,Santa Catarina,Irani,FUNDO MUNICIPAL DE ASSISTÊNCIA SOCIAL,1
82951344000140,SECRETARIA DE ESTADO DE INFRAESTRUTURA E MOBILIDADE (SIE),E,Santa Catarina,Florianópolis,Secretaria de Estado da Infraestrutura e Mobilidade,2
82951351000142,SECRETARIA DE ESTADO DA ADMINISTRACAO,E,Santa Catarina,Florianópolis,Diretoria de Gestão de Licitações e Contratos,2
83021808000182,MUNICIPIO DE CHAPECO,M,Santa Catarina,Chapecó,Prefeitura Municipal de Chapecó,1
83052191000162,EMPRESA DE PESQUISA AGROPECUARIA E EXTENSAO RURAL DE SANTA CATARINA,N,Santa Catarina,Florianópolis,EPAGRI - S.A.,1
83074294000123,MUNICIPIO DE RIO DAS ANTAS,M,Santa Catarina,Rio das Antas,ADM - Secret. Mun. de Obras e Serviços - SMOS,1
83102327000100,MUNICIPIO DE PENHA,M,Santa Catarina,Penha,DEPARTAMENTO ADMINISTRATIVO,1
83102442000176,MUNICIPIO DE WITMARSUM,M,Santa Catarina,Witmarsum,Obras e Servicos Urbanos,1
83102467000170,MUNICIPIO DE CORUPA,M,Santa Catarina,Corupá,DIVISAO DE ESTRADAS E RODAGEM,1
83102541000158,MUNICIPIO DE PORTO UNIAO,M,Santa Catarina,Porto União,MUNICÍPIO DE PORTO UNIÃO,1
83102673000180,MUNICIPIO DE PETROLANDIA,M,Santa Catarina,Petrolândia,Fundo Municipal de Agricultura,1
83102681000126,MUNICIPIO DE POUSO REDONDO,M,Santa Catarina,Pouso Redondo,PREFEITURA MUNICIPAL DE POUSO REDONDO - SC,1
83102756000179,MUNICIPIO DE RIO NEGRINHO,M,Santa Catarina,Rio Negrinho,PREFEITURA MUNICIPAL DE RIO NEGRINHO - SC,1
83108357000115,MUNICIPIO DE BLUMENAU,M,Santa Catarina,Blumenau,Prefeitura Municipal de Blumenau,1
83169623000110,MUNICIPIO DE JOINVILLE,M,Santa Catarina,Joinville,PREFEITURA MUNICIPAL DE JOINVILLE,1
83211375000128,MUNICIPIO DE ABEL FIGUEIREDO,M,Pará,Abel Figueiredo,Fundo Municipal de Saúde,1
83334698000109,MUNICIPIO DE SANTA BARBARA DO PARA,M,Pará,Santa Bárbara do Pará,PREFEITURA MUNICIPAL SANTA BARBARA DO PARA,1
84722933000182,MUNICIPIO DE TEIXEIROPOLIS,M,Rondônia,Teixeirópolis,MUNICÍPIO DE TEIXEIRÓPOLIS/RO,1
85361863000147,MUNICIPIO DE PALMITOS,M,Santa Catarina,Palmitos,PREFEITURA MUNICIPAL DE PALMITOS - SC,1
86051398000100,MUNICIPIO DE SAO BENTO DO SUL,M,Santa Catarina,São Bento do Sul,Secretaria Municipal de Educação - Ensino Fundamental ,1
87246120000151,MUNICIPIO DE ESTRELA,M,Rio Grande do Sul,Estrela,FUNDO MUN SAUDE,2
87297982000103,MUNICIPIO DE LAJEADO,M,Rio Grande do Sul,Lajeado,MUNICÍPIO DE LAJEADO,1
87482535000124,MUNICIPIO DE DOM PEDRITO,M,Rio Grande do Sul,Dom Pedrito,PREFEITURA MUNICIPAL,2
87531976000179,MUNICIPIO DE AGUDO,M,Rio Grande do Sul,Agudo,PREFEITURA MUNICIPAL,1
87612537000190,MUNICIPIO DE PASSO FUNDO,M,Rio Grande do Sul,Passo Fundo,Coordenadoria de Licitações e Contratos,1
87612818000143,MUNICIPIO DE SANTO CRISTO,M,Rio Grande do Sul,Santo Cristo,MUNICIPIO DE SANTO CRISTO/RS,1
87612826000190,MUNICIPIO DE INDEPENDENCIA,M,Rio Grande do Sul,Independência,MUNICIPIO DE INDEPENDECIA/RS,2
87613014000169,MUNICIPIO DE BOSSOROCA,M,Rio Grande do Sul,Bossoroca,MUNICIPIO DE BOSSOROCA/RS,1
87613253000119,MUNICIPIO DE AJURICABA,M,Rio Grande do Sul,Ajuricaba,EXECUTIVO MUNICIPAL,1
87613485000177,MUNICIPIO DE VICTOR GRAEFF,M,Rio Grande do Sul,Victor Graeff,Prefeitura Municipal de Victor Graeff,1
87613600000103,MUNICIPIO DE CACIQUE DOBLE,M,Rio Grande do Sul,Cacique Doble,Setor de Licitações,1
87849923000109,MUNICIPIO DE BENTO GONCALVES,M,Rio Grande do Sul,Bento Gonçalves,MUNICÍPIO DE BENTO GONÇALVES,1
87897740000150,MUNICIPIO DE SANTIAGO,M,Rio Grande do Sul,Santiago,MUNICIPIO DE SANTIAGO - CELIC,1
88000906000157,MUNICIPIO DE ALVORADA,M,Rio Grande do Sul,Alvorada,"Departamento Geral de Compras, Licitações e Contratos",2
88138292000174,MUNICIPIO DE ROSARIO DO SUL,M,Rio Grande do Sul,Rosário do Sul,PREFEITURA MUNICIPAL DE ROSARIO DO SUL,1
88227764000165,MUNICIPIO DE TUPANCIRETA,M,Rio Grande do Sul,Tupanciretã,PREFEITURA MUNICIPAL,1
88370879000104,MUNICIPIO DE SAO SEBASTIAO DO CAI,M,Rio Grande do Sul,São Sebastião do Caí,PREFEITURA MUNICIPAL DE SÃO SEBASTIÃO DO CAÍ,1
88379763000136,MUNICIPIO DE IGREJINHA,M,Rio Grande do Sul,Igrejinha,Departamento de Licitações,1
88489786000101,MUNICIPIO DE SAO BORJA,M,Rio Grande do Sul,São Borja,Prefeitura Municipal de São Borja,4
88566872000162,MUNICIPIO DO RIO GRANDE,M,Rio Grande do Sul,Rio Grande,PREFEITURA MUNICIPAL DO RIO GRANDE - RS,2
88577416000118,MUNICIPIO DE CANOAS,M,Rio Grande do Sul,Canoas,PREFEITURA MUNICIPAL DE CANOAS PREFEITURA MUNICIPAL DE CANOAS,1
88597984000180,MUNICIPIO DE SERAFINA CORREA,M,Rio Grande do Sul,Serafina Corrêa,Município de Serafina Corrêa,1
88601943000110,MUNICIPIO DE DOM FELICIANO,M,Rio Grande do Sul,Dom Feliciano,Prefeitura Municipal de Dom Feliciano,1
88696810000175,MUNICIPIO DE CAMAQUA,M,Rio Grande do Sul,Camaquã,Secretaria Munic da Saude -sms -asps,1
88775390000112,MUNICIPIO DE CRUZ ALTA,M,Rio Grande do Sul,Cruz Alta,Unidades Administrativas  Subordinadas,1
88821079000162,MUNICIPIO DE RIO PARDO,M,Rio Grande do Sul,Rio Pardo,EXECUTIVO MUNICIPAL,1
88830609000139,MUNICIPIO DE CAXIAS DO SUL,M,Rio Grande do Sul,Caxias do Sul,MRS-PREFEITURA MUNICIPAL DE CAXIAS DO SUL,1
88847082000155,MUNICIPIO DE GRAMADO,M,Rio Grande do Sul,Gramado,SECRETARIA DA SAÚDE,1
89814693000160,MUNICIPIO DE SAO LEOPOLDO,M,Rio Grande do Sul,São Leopoldo,Prefeitura Municipal de São Leopoldo,1
89848949000150,MUNICIPIO DE FARROUPILHA,M,Rio Grande do Sul,Farroupilha,Secretaria de Obras e Trânsito,1
90976853000156,EMPRESA DE TRENS URBANOS DE PORTO ALEGRE S/A,F,Rio Grande do Sul,Porto Alegre,EMPRESA DE TRENS URBANOS DE PORTO ALEGRE-LICITACOE,1
92032226000192,HOSPITAL BENEFICIENTE DR CESAR SANTOS,M,Rio Grande do Sul,Passo Fundo,Autarquia Municipal de Saúde,1
92242080000100,UNIVERSIDADE FEDERAL DE PELOTAS,F,Rio Grande do Sul,Pelotas,UNIVERSIDADE FEDERAL DE PELOTAS/RS,1
92412808000102,MUNICIPIO DE MATO CASTELHANO,M,Rio Grande do Sul,Mato Castelhano,PREFEITURA MUNICIPAL DE MATO CASTELHANO - RS,1
92787118000120,HOSPITAL NOSSA SENHORA DA CONCEICAO S/A,F,Rio Grande do Sul,Porto Alegre,HOSPITAL NOSSA SENHORA DA CONCEICAO S A,2
92924901000198,PORTO ALEGRE DEPARTAMENTO MUNICIPAL DE AGUAS E ESGOTOS,M,Rio Grande do Sul,Porto Alegre,Gerência de Licitações e Contratos,1
92931245000150,FUNDACAO HOSPITAL CENTENARIO,M,Rio Grande do Sul,São Leopoldo,Fundação Hospital Centenário de São Leopoldo,1
92967595000177,FUNDACAO UNIVERSIDADE FEDERAL DE CIENCIAS DA SAUDE DE PORTO ALEGRE,F,Rio Grande do Sul,Porto Alegre,UNIVERSIDADE FED. DE CIENCIAS DA SAUDE/RS,1
93845519000151,MUNICIPIO DE PORTO MAUA,M,Rio Grande do Sul,Porto Mauá,MUNICIPIO DE PORTO MAUA/RS,2
94442241000134,MUNICIPIO DE SAO VALERIO DO SUL,M,Rio Grande do Sul,São Valério do Sul,Departamento de Compras,1
95583571000102,MUNICIPIO DE MARIPA,M,Paraná,Maripá,PREFEITURA MUNICIPAL DE MARIPA - PR,2
95583597000150,MUNICIPIO DE SAO PEDRO DO IGUACU,M,Paraná,São Pedro do Iguaçu,MUNICIPIO DE SAO PEDRO DO IGUAÇU - PR,1
95587648000112,MUNICIPIO DE NOVA LARANJEIRAS,M,Paraná,Nova Laranjeiras,PREFEITURA MUNICIPAL DE NOVA LARANJEIRAS - PR,1
95591764000105,UNIVERSIDADE FEDERAL DE SANTA MARIA,F,Rio Grande do Sul,Santa Maria,UNIVERSIDADE FEDERAL DE STA.MARIA/RS,2
95640520000175,MUNICIPIO DE BRASILANDIA DO SUL,M,Paraná,Brasilândia do Sul,Unidade administrativa,1
95719373000123,MUNICIPIO DE MERCEDES,M,Paraná,Mercedes,PREFEITURA MUNICIPAL DE MERCEDES - PR,1
95725057000164,MUNICIPIO DE ITAIPULANDIA,M,Paraná,Itaipulândia,PREFEITURA MUNICIPAL DE ITAIPULÂNDIA - PR,1
95780441000160,MUNICIPIO DE CAPIVARI DE BAIXO,M,Santa Catarina,Capivari de Baixo,PREFEITURA MUNICIPAL DE CAPIVARI DE BAIXO - SC,1
95996187000131,MUNICIPIO DE VARGEM BONITA,M,Santa Catarina,Vargem Bonita,FUNDO MUNICIPAL DE SAUDE DE VARGEM BONITA,2
96291141000180,SAO PAULO SECRETARIA DA ADMINISTRACAO PENITENCIARIA,E,São Paulo,Pacaembu,ESP-PENIT. OZIAS LUCIO DOS SANTOS - PACAEMBU,2
98671597000109,MUNICIPIO DE VERANOPOLIS,M,Rio Grande do Sul,Veranópolis,PREFEITURA MUNICIPAL DE VERANOPOLIS,1
